{
  "system": "Barnard's Star",
  "integrator": "trace",
  "t_end_yr": 1000000.0,
  "n_snapshots": 200,
  "per_body": {
    "Barnard d": {
      "a_min": -0.026219423933400987,
      "a_max": 0.018898996217073246,
      "e_min": 0.01168984106289257,
      "e_max": 8284.863007824631
    },
    "Barnard b": {
      "a_min": 0.022678615766191068,
      "a_max": 0.06585992699961199,
      "e_min": 0.006866178331576203,
      "e_max": 0.5358086895401551
    },
    "Barnard c": {
      "a_min": 0.00831313324326615,
      "a_max": 0.027590725249929626,
      "e_min": 0.0033734718030762377,
      "e_max": 0.7340857930957242
    },
    "Barnard e": {
      "a_min": -3.5201929144817523,
      "a_max": 3.573040699304218,
      "e_min": 0.040657814301820576,
      "e_max": 34.71387666310891
    }
  },
  "note": "resumable TRACE run (run_barnard_resume.py); MEGNO n/a for TRACE"
}