t_yr,body,a_au,e,inc_deg,Omega_deg,omega_deg,f_deg
5.0,Alpha Centauri B,23.539133848740697,0.5151841597196001,79.2088,-155.14196,231.61818,68.63931
5.0,Alpha Centauri A b,1.6021739125722987,0.1083803067100549,63.27318,-154.47725,303.16871,132.10299
5.0,Dante,0.0007359070777636992,0.026946546074539588,55.21423,-157.72296,322.02756,18.88476
5.0,Hades,0.0009918227512631462,0.041672447156504644,73.37011,-157.3782,141.80759,330.85284
5.0,Pandora,0.0016871526030818981,0.0021890746656440564,71.78116,-148.94891,44.38464,97.13995
5.0,Cassandra,0.004006870057440784,0.0315300069822131,112.25673,29.13667,99.43392,109.24779
5.0,Chaos,0.01044923326135674,0.04491460282461754,117.74842,23.99515,219.22398,299.8858
10.0,Alpha Centauri B,23.638725023724326,0.5169006741130102,79.20801,-155.14435,231.80567,105.00632
10.0,Alpha Centauri A b,1.6128137995365412,0.10558032323955546,63.14611,-154.32852,303.87941,325.02297
10.0,Dante,0.0007354493134034888,0.012394317693558669,70.46866,-149.46953,232.79367,312.94035
10.0,Hades,0.0009919773821030248,0.0289578077485501,70.6577,-159.88485,256.36158,313.16008
10.0,Pandora,0.0016871915735888257,0.003940949920685756,67.05562,-144.94572,293.41571,100.33187
10.0,Cassandra,0.0040032722534975515,0.06675801694882152,116.76289,20.41217,295.11539,348.44129
10.0,Chaos,0.010072830958850539,0.03885565631819188,116.94405,23.8149,299.79882,145.67468
15.0,Alpha Centauri B,23.555270271146433,0.5159474201576509,79.2202,-155.14473,231.55989,126.43812
15.0,Alpha Centauri A b,1.6153932598245389,0.09516494640012539,63.10376,-154.31203,306.32353,179.73249
15.0,Dante,0.0007352112896609876,0.013889618957688922,58.21919,-162.87826,83.34466,43.11352
15.0,Hades,0.0009876428281912395,0.005680154695223235,67.23049,-162.02533,293.30951,273.43998
15.0,Pandora,0.001687250568544112,0.003981387475148273,60.95929,-143.73646,225.53091,60.68726
15.0,Cassandra,0.003980743475121771,0.04225566919119908,120.02981,30.52502,136.42487,233.23889
15.0,Chaos,0.010444976338075248,0.042775254259579475,116.24686,23.83838,357.78587,10.56398
20.0,Alpha Centauri B,23.626248565996182,0.5154821252215893,79.18822,-155.14962,231.86046,140.80963
20.0,Alpha Centauri A b,1.6158092734366183,0.10504756104260538,63.11284,-154.33743,308.79611,34.23886
20.0,Dante,0.000735182919573183,0.024278437351665228,66.34517,-146.06191,43.61598,22.38087
20.0,Hades,0.0009955773715893338,0.04138353787772539,63.51455,-163.84652,169.60335,3.95494
20.0,Pandora,0.0016871236297109225,0.005208196837061474,55.79531,-147.27836,138.46029,41.00491
20.0,Cassandra,0.003963308877649284,0.03882440743242249,112.6423,24.50143,37.81227,58.89073
20.0,Chaos,0.01009105343704935,0.008453613711768492,115.75499,24.73224,328.66267,316.81928
25.0,Alpha Centauri B,23.560234836666563,0.5169814566592589,79.22976,-155.13548,231.55857,152.58249
25.0,Alpha Centauri A b,1.6069067493928675,0.10302069291652863,63.14496,-154.33935,304.42303,233.09237
25.0,Dante,0.0007353816640506596,0.01010147650323058,63.04634,-164.84846,333.48278,324.95365
25.0,Hades,0.0009926721365503754,0.03751948243749485,59.61722,-165.23224,293.21497,326.38644
25.0,Pandora,0.0016867769349705748,0.003668327912387168,52.96883,-154.11069,26.72423,49.62177
25.0,Cassandra,0.0039400431594469095,0.057143441744823956,121.95869,21.83429,243.7093,285.61465
25.0,Chaos,0.010377079224189617,0.02120458448826156,115.2681,25.51185,311.89243,257.71781
30.0,Alpha Centauri B,23.61188485954034,0.514594638901548,79.19549,-155.1541,231.7458,162.14665
30.0,Alpha Centauri A b,1.6017985854473225,0.09816366024831294,63.17716,-154.31694,304.20894,104.72025
30.0,Dante,0.0007344553683386515,0.014910178776622816,60.81613,-145.88737,157.39504,56.84891
30.0,Hades,0.0009887595518965051,0.006366934216625806,56.7547,-165.233,151.11686,93.38202
30.0,Pandora,0.0016870433616475436,0.003325186009529771,54.55021,-161.12643,295.90238,38.10867
30.0,Cassandra,0.003920425482586315,0.045695364379498636,116.28915,29.65778,94.20629,168.17716
30.0,Chaos,0.010173091970133571,0.04147826157170038,115.66574,26.1272,38.99658,95.89758
35.0,Alpha Centauri B,23.564517993077015,0.5175744167058182,79.21791,-155.13716,231.66903,171.0344
35.0,Alpha Centauri A b,1.5963151835963707,0.09895974848782857,63.20027,-154.2859,308.26535,289.46818
35.0,Dante,0.0007354414612976289,0.02275857287634757,68.2788,-163.05663,102.3214,346.81087
35.0,Hades,0.0009851407043032512,0.04157971673286587,55.03486,-163.29282,138.71165,167.57302
35.0,Pandora,0.0016875232621273266,0.005915911133284924,59.34948,-166.01042,188.23189,39.42924
35.0,Cassandra,0.003913442884844726,0.03904204190356518,114.73822,19.02736,332.13978,8.3646
35.0,Chaos,0.010290225653977992,0.04128479673121712,116.28243,26.80964,82.60471,331.24239
40.0,Alpha Centauri B,23.60248052744098,0.5150577100253825,79.21305,-155.13997,231.61644,179.4776
40.0,Alpha Centauri A b,1.597266932439528,0.1063112498815418,63.18939,-154.25458,304.29277,158.95001
40.0,Dante,0.0007346454543390044,0.021468775632910053,55.87565,-150.24507,172.17051,13.82479
40.0,Hades,0.0009919235315181978,0.04060509883568797,54.504,-158.30748,331.49855,310.56435
40.0,Pandora,0.001687698955742086,0.00634316668089902,65.22127,-166.14231,84.95606,36.42194
40.0,Cassandra,0.003908537042162132,0.051076488855455966,121.3647,25.92153,197.79022,222.51398
40.0,Chaos,0.010242280841474202,0.009604070863015532,117.05296,26.72042,100.717,232.47826
45.0,Alpha Centauri B,23.574398785447254,0.5165063512648156,79.19992,-155.16175,231.778,187.68127
45.0,Alpha Centauri A b,1.5995220459678519,0.09802966480744688,63.2013,-154.26211,303.32752,6.84478
45.0,Dante,0.0007343682180030674,0.009685845025582,71.99288,-156.63601,254.70156,54.04588
45.0,Hades,0.0009885659114395996,0.009862863721599202,56.08036,-152.57052,202.08664,76.19624
45.0,Pandora,0.0016875051558351269,0.006512642553259018,70.70324,-162.71294,4.2968,8.08859
45.0,Cassandra,0.003909323231541562,0.050557493914317304,111.4481,26.1115,47.63256,106.33924
45.0,Chaos,0.010232058296531699,0.01460987458068713,117.92941,26.5074,104.21351,155.3114
50.0,Alpha Centauri B,23.595383416602537,0.5161702079489631,79.21753,-155.12432,231.59035,196.59187
50.0,Alpha Centauri A b,1.6062623632942357,0.0994121078629816,63.22562,-154.24791,306.11191,207.60165
50.0,Dante,0.0007350517629826379,0.01651228619737564,55.21626,-157.66735,159.74347,331.4692
50.0,Hades,0.000988167226344652,0.008637428067416271,59.14461,-147.66495,82.94014,99.76528
50.0,Pandora,0.0016869507537441396,0.006628899017942081,73.13746,-157.16894,264.34269,357.82392
50.0,Cassandra,0.003923750978224303,0.037714690886053635,117.9035,19.59943,267.65672,315.79841
50.0,Chaos,0.010346575174124793,0.04769263072691646,118.05369,25.90434,142.32924,38.6064
55.0,Alpha Centauri B,23.59184671146949,0.5151017758737095,79.20468,-155.16749,231.68478,206.08291
55.0,Alpha Centauri A b,1.6122018919473227,0.10551262036531354,63.25223,-154.20437,306.33091,75.09843
55.0,Dante,0.0007355389275027651,0.020635097932567095,70.72956,-149.88399,303.96644,29.73447
55.0,Hades,0.0009990114672200098,0.032659885657280195,63.14758,-144.31366,111.2111,45.22791
55.0,Pandora,0.001687010768122878,0.004436223923844829,72.47425,-150.58612,151.30447,1.39964
55.0,Cassandra,0.003937997696396662,0.045885886965369715,117.28261,30.64727,156.77016,160.475
55.0,Chaos,0.010120596001790683,0.038969159231384706,117.96936,24.76976,191.15443,265.58129
60.0,Alpha Centauri B,23.583109414365175,0.5170137585127175,79.21011,-155.12752,231.69271,217.23433
60.0,Alpha Centauri A b,1.6160322513464402,0.10356151392955516,63.2663,-154.14277,301.29706,267.66698
60.0,Dante,0.0007358904702714071,0.025034380627430915,58.39093,-163.02805,256.66484,345.81657
60.0,Hades,0.0009896717044310225,0.008265267161626334,66.78572,-143.78099,81.71199,278.83837
60.0,Pandora,0.001687168808727999,0.004428385451890877,68.77258,-145.818,48.3088,356.51663
60.0,Cassandra,0.0039631605588188925,0.05905154279043434,111.98914,22.90385,357.17906,41.4288
60.0,Chaos,0.010385669933502895,0.017970724254671173,117.54811,24.19242,270.81724,111.52953
65.0,Alpha Centauri B,23.611187675869765,0.5152997087107062,79.21008,-155.14815,231.53873,231.47973
65.0,Alpha Centauri A b,1.6142950667616283,0.09789000167790421,63.23776,-154.0606,307.01806,133.09597
65.0,Dante,0.0007347889818476068,0.013836910063160977,65.73166,-145.58806,8.87996,33.91463
65.0,Hades,0.0009940512926348568,0.016176577477769464,69.15153,-145.6495,297.84959,330.61306
65.0,Pandora,0.0016873389915711748,0.006696960850071846,62.6809,-143.76009,298.12551,356.27672
65.0,Cassandra,0.003983664061900853,0.03393069613440314,121.76666,24.93884,204.7639,270.1645
65.0,Chaos,0.010089677117023747,0.011051431650484897,116.70949,23.80542,206.90068,98.58499
70.0,Alpha Centauri B,23.559364300545923,0.5165339431324588,79.21184,-155.14747,231.83006,251.12463
70.0,Alpha Centauri A b,1.6054990415343071,0.10659917306821651,63.18744,-153.97128,308.29629,327.55705
70.0,Dante,0.0007347107745188958,0.016942067861812037,64.11442,-164.47258,298.65022,327.61248
70.0,Hades,0.0009935983346941828,0.012706401431504328,70.6631,-149.91777,207.10122,316.7359
70.0,Pandora,0.0016872443369411092,0.006245188216307315,57.12505,-145.70701,200.27398,348.75487
70.0,Cassandra,0.0039979728944833865,0.04756032758046664,114.39377,30.10831,115.79339,93.1945
70.0,Chaos,0.010459541980040645,0.046756585511801244,116.17045,24.04805,226.53544,357.12995
75.0,Alpha Centauri B,23.63426611122176,0.5165740580535565,79.20298,-155.14222,231.51597,284.8987
75.0,Alpha Centauri A b,1.6000478663536755,0.10659545664455455,63.08566,-153.87564,306.67808,184.39868
75.0,Dante,0.0007353624215371797,0.014202944884140756,60.01023,-145.76688,284.63001,317.18488
75.0,Hades,0.0009888120944625755,0.020715389511021372,70.52062,-154.31648,352.75727,143.12863
75.0,Pandora,0.0016871923852760373,0.005756233438942464,53.46945,-151.98712,124.81909,320.15073
75.0,Cassandra,0.004014257522979554,0.06695902910015832,117.11462,19.64687,299.10342,342.33128
75.0,Chaos,0.010040022476327745,0.04591805374813559,115.46699,25.05365,286.97313,218.54784
80.0,Alpha Centauri B,23.557661689255855,0.5155674688566851,79.21633,-155.13882,231.75944,348.57853
80.0,Alpha Centauri A b,1.5916474120093698,0.08154790562445423,63.23272,-153.80071,307.41881,39.09812
80.0,Dante,0.0007341010147229046,0.004799048319560522,68.20014,-162.76383,330.46704,292.6765
80.0,Hades,0.0009863072681910317,0.025041257444293988,70.34733,-158.50187,219.11561,193.38408
80.0,Pandora,0.0016874088162737893,0.005425503063299404,53.56546,-159.21959,23.19612,317.74316
80.0,Cassandra,0.004006455200952514,0.02521639280445005,121.38902,28.4132,156.54307,211.68896
80.0,Chaos,0.010457830433579297,0.04208660498659531,115.20513,25.87297,1.69328,70.44224
85.0,Alpha Centauri B,23.59863155153091,0.5165837453814122,79.21317,-155.15359,231.62313,61.29506
85.0,Alpha Centauri A b,1.5963472995871513,0.09923112105847035,63.38194,-153.1184,312.37654,227.78931
85.0,Dante,0.0007347573145227018,0.0037962827288305174,56.43956,-148.9978,233.80708,35.05597
85.0,Hades,0.0009877036612892908,0.03428579058593252,69.92135,-162.27855,82.19643,252.15199
85.0,Pandora,0.0016874933373152085,0.0034197562110615375,57.79305,-164.93078,269.71678,327.43758
85.0,Cassandra,0.004003573618070768,0.05580869694632002,112.38537,23.9849,59.5895,36.43248
85.0,Chaos,0.010053563107668771,0.014686666443215073,115.46526,26.67722,25.68863,326.84785
90.0,Alpha Centauri B,23.581012882613965,0.5154793873837245,79.20247,-155.1407,231.7284,101.24125
90.0,Alpha Centauri A b,1.6037366981742176,0.10252604981344657,63.2487,-152.93852,309.00878,101.68314
90.0,Dante,0.0007354596497220301,0.008012469831726295,71.10677,-159.40915,1.5504,338.00783
90.0,Hades,0.000986774813007597,0.022941819599805853,68.88062,-165.11526,1.72568,200.05357
90.0,Pandora,0.0016871316940062985,0.0034606686142951916,63.4886,-166.64107,176.00218,315.55509
90.0,Cassandra,0.0039821940987482835,0.05808616133119939,120.29712,19.85043,243.06439,283.29036
90.0,Chaos,0.010470420297625587,0.02831064194194323,115.77155,27.3301,308.43855,321.87615
95.0,Alpha Centauri B,23.598742869712993,0.5168930693264373,79.21505,-155.1456,231.67901,123.87291
95.0,Alpha Centauri A b,1.614171874619325,0.09670584103146034,63.2159,-152.94751,306.99828,292.56648
95.0,Dante,0.0007353521896791059,0.012286146869852622,55.03098,-153.35234,82.99759,325.05701
95.0,Hades,0.000992214345802055,0.01346487037981533,67.40765,-166.24703,336.67567,79.31025
95.0,Pandora,0.0016870824004810911,0.005141523462478724,69.23961,-163.9028,67.3671,315.8403
95.0,Cassandra,0.003963942286314508,0.030169357668205162,115.80445,29.54221,121.87392,141.90922
95.0,Chaos,0.010036817701663873,0.04196430047268139,116.63792,27.51975,17.03554,180.32103
100.0,Alpha Centauri B,23.572402474794625,0.5156193429609132,79.21631,-155.14325,231.62428,139.24253
100.0,Alpha Centauri A b,1.6144096145496982,0.09066254344514259,63.23022,-152.97704,312.10496,153.09056
100.0,Dante,0.0007351579265551175,0.014178051064449644,72.10366,-154.87954,118.29354,314.87519
100.0,Hades,0.0009879791597521596,0.015035938645728006,64.97915,-165.89618,155.53469,177.15509
100.0,Pandora,0.0016868603998764576,0.0036971864965084536,72.85889,-158.98282,334.45756,298.6045
100.0,Cassandra,0.003941613692605031,0.051032200964615394,112.74403,20.22438,356.21736,341.29617
100.0,Chaos,0.010472044186234701,0.05360470779138277,117.51552,27.65608,85.45369,34.19928
105.0,Alpha Centauri B,23.611044413861187,0.5160214583100808,79.19205,-155.15252,231.80597,150.86674
105.0,Alpha Centauri A b,1.6134098591798782,0.09965828588830147,63.26132,-152.972,311.26125,359.60206
105.0,Dante,0.0007344731983855246,0.0025179114889300382,55.3738,-158.3314,17.33216,44.8847
105.0,Hades,0.0009919047481186094,0.050454677223876844,61.63292,-164.11295,339.39013,352.54243
105.0,Pandora,0.0016871718668475327,0.0033341650698612796,72.92958,-152.47815,267.4407,256.64067
105.0,Cassandra,0.003921969064403211,0.053713554985821366,120.82115,26.31434,204.0731,217.51212
105.0,Chaos,0.010056293642348868,0.030204675876234304,117.89813,27.08895,125.14911,271.42396
110.0,Alpha Centauri B,23.5677493502609,0.5165921672371944,79.22828,-155.13263,231.57706,161.02478
110.0,Alpha Centauri A b,1.6061718683334292,0.09626935605144064,63.2872,-152.95094,308.12308,207.9794
110.0,Dante,0.0007360715942613521,0.011518332690949172,70.73277,-149.71713,0.22127,33.39767
110.0,Hades,0.000986209803006984,0.034975162853294745,58.26612,-161.39653,180.34527,153.60913
110.0,Pandora,0.0016875315241449613,0.0018477095460337847,70.17712,-146.84328,143.47583,272.41904
110.0,Cassandra,0.003912245067873636,0.03884823376140125,111.90471,28.56032,67.23132,86.13426
110.0,Chaos,0.01045503431216094,0.004944129927340543,118.20108,26.17495,14.26286,305.68732
115.0,Alpha Centauri B,23.613438402178588,0.5146315727158026,79.19146,-155.16108,231.76106,169.75509
115.0,Alpha Centauri A b,1.6017509663481926,0.09181429731404246,63.29766,-152.91708,309.13703,72.79565
115.0,Dante,0.0007361278131330788,0.026853713454026866,58.2638,-162.83818,305.6151,355.5379
115.0,Hades,0.000989031638363419,0.026776753440513258,55.15611,-157.67956,128.14918,288.87838
115.0,Pandora,0.0016876182518312313,0.0008374464505072505,64.5608,-144.09735,304.15526,1.88258
115.0,Cassandra,0.0039086020935808355,0.0428302496278949,117.86757,20.49079,301.5526,281.02265
115.0,Chaos,0.010019522708616824,0.029916004745856924,117.80837,25.41562,110.24186,134.46882
120.0,Alpha Centauri B,23.563330246979213,0.5175403289207781,79.22163,-155.13058,231.65021,178.28404
120.0,Alpha Centauri A b,1.5964929202035505,0.09641984222622124,63.30179,-152.90343,312.64444,258.81347
120.0,Dante,0.0007364993130693384,0.013054751051654158,66.18903,-145.91901,239.2511,323.42458
120.0,Hades,0.000988000499835156,0.011463396519886237,53.11732,-152.54201,20.893,270.54969
120.0,Pandora,0.0016873490490076982,0.0011095255690771997,58.52449,-144.62957,282.18713,277.18665
120.0,Cassandra,0.003909561355385402,0.05388939791874148,119.40414,31.03744,161.83397,155.91734
120.0,Chaos,0.010515255482743948,0.05744480296343641,117.23647,24.57568,167.98506,355.66171
125.0,Alpha Centauri B,23.61137002780185,0.5146347849618069,79.20832,-155.14655,231.61902,186.66187
125.0,Alpha Centauri A b,1.5966078635870367,0.09962599319204447,63.30984,-152.90061,306.83569,134.56863
125.0,Dante,0.0007341123185177045,0.006848538825856785,62.99471,-164.63967,94.14793,69.42607
125.0,Hades,0.0009884180179322252,0.008346679801103945,53.74767,-148.39663,96.61073,59.29712
125.0,Pandora,0.00168715557758846,0.0021183880404213803,54.29583,-149.83322,178.43051,276.72556
125.0,Cassandra,0.003923326631448944,0.04667973498132025,112.92646,23.35465,7.75062,28.96356
125.0,Chaos,0.010020274857989947,0.03827380519191789,116.6554,24.62936,226.01495,216.86552
130.0,Alpha Centauri B,23.560173237674668,0.5172330573465254,79.20637,-155.15323,231.78636,195.14664
130.0,Alpha Centauri A b,1.5997994140344955,0.0916604600666313,63.32841,-152.88512,308.36375,329.81178
130.0,Dante,0.0007346597242984739,0.02218181515173789,60.84387,-145.68267,52.53935,12.18465
130.0,Hades,0.0009887172297878893,0.00737170296211021,57.01408,-146.25953,154.33495,280.89444
130.0,Pandora,0.0016871387395389025,0.000968123697224859,53.04183,-157.29752,181.71606,169.01999
130.0,Cassandra,0.0039395226845912994,0.03494947062260985,122.41874,22.59448,249.671,223.74156
130.0,Chaos,0.010504186445766363,0.018945010086239805,115.7662,25.1424,326.43263,43.72975
135.0,Alpha Centauri B,23.610010085036475,0.5156253481145983,79.21345,-155.12811,231.55396,204.8002
135.0,Alpha Centauri A b,1.6071015632503614,0.0948156456705596,63.36239,-152.85205,310.94587,182.19177
135.0,Dante,0.0007352730575384413,0.02501642155242691,67.87362,-163.09505,56.70864,336.63015
135.0,Hades,0.0009982800816800818,0.045114729339044785,61.45543,-146.14388,264.51679,337.07422
135.0,Pandora,0.0016871024137661012,0.0026896608877159363,56.27346,-163.55122,102.69778,145.02032
135.0,Cassandra,0.003958380791737843,0.05741031121092301,115.29793,29.15885,117.27695,91.4695
135.0,Chaos,0.009980816219269778,0.01570214915510877,115.35952,25.78576,212.25527,79.60718
140.0,Alpha Centauri B,23.568446696460747,0.5157427748077856,79.2085,-155.1687,231.76367,215.48001
140.0,Alpha Centauri A b,1.6148427645158838,0.10223950624530964,63.36373,-152.77816,309.7784,41.87046
140.0,Dante,0.0007369579275208494,0.026685551574082828,57.10357,-148.34047,122.25282,7.70149
140.0,Hades,0.0009960152596009471,0.055171265760411745,66.83534,-148.13922,156.98325,334.44763
140.0,Pandora,0.0016871990056291284,0.002211654552307781,61.8635,-166.65323,57.17593,84.81471
140.0,Cassandra,0.003985340042151458,0.05242678281965226,115.44332,18.4619,305.94841,332.54638
140.0,Chaos,0.01057026289526935,0.05291554704543794,115.25976,26.83178,245.69104,323.90436
145.0,Alpha Centauri B,23.60782169816173,0.5166204530202416,79.20648,-155.12762,231.60736,229.19119
145.0,Alpha Centauri A b,1.6159647704208755,0.09544016959595333,63.32351,-152.70582,305.52422,239.76218
145.0,Dante,0.0007354743926474269,0.024516713931873633,71.0395,-159.91615,160.65651,356.10151
145.0,Hades,0.0009865094003653372,0.04287271862807541,71.23531,-151.09214,75.65175,253.55984
145.0,Pandora,0.0016871197528551523,0.0036807155769997407,67.61503,-165.04429,334.72921,57.908
145.0,Cassandra,0.00399764166324163,0.02727969566540844,120.58796,26.98247,211.99019,156.72225
145.0,Chaos,0.009966225615970417,0.04846721654435856,115.50618,27.40914,321.90703,173.58489
150.0,Alpha Centauri B,23.58580669501153,0.5154206272992244,79.21325,-155.15212,231.61806,248.01084
150.0,Alpha Centauri A b,1.6128714730810376,0.09472088261962441,63.28631,-152.6485,312.44323,103.97548
150.0,Dante,0.0007356574852065774,0.0239434827725941,55.11425,-153.00132,147.88891,348.62299
150.0,Hades,0.0009894717085346713,0.02774550269959794,73.86669,-154.46611,10.40983,149.87858
150.0,Pandora,0.001687224260000645,0.002290144189525749,72.19199,-160.53788,213.80338,69.78562
150.0,Cassandra,0.004013170022567414,0.066933998430515,111.03107,25.30134,65.35621,29.00318
150.0,Chaos,0.010560262025818655,0.04828324467982838,116.48127,27.7711,38.09016,21.1669
155.0,Alpha Centauri B,23.610178107635782,0.5168819119423879,79.20774,-155.14325,231.70206,278.68455
155.0,Alpha Centauri A b,1.6000077341432082,0.10002351095945605,63.19339,-152.53967,316.11886,289.09922
155.0,Dante,0.0007342898036128345,0.021039130241777684,72.13557,-155.13652,236.65043,14.22448
155.0,Hades,0.0009922728164315005,0.017329003327011476,73.68017,-158.34713,299.79838,79.3034
155.0,Pandora,0.001687417259473963,0.001971876989084348,73.24874,-154.44564,117.17177,57.89547
155.0,Cassandra,0.00400734281263821,0.04717464955523099,118.67875,20.49823,246.75565,279.61188
155.0,Chaos,0.009961271855053374,0.008451175458512627,117.1884,28.02689,66.36019,271.22476
160.0,Alpha Centauri B,23.574900685233317,0.5157935674250793,79.20696,-155.14725,231.61274,337.70054
160.0,Alpha Centauri A b,1.5911651988581887,0.10008273760325374,63.29464,-152.46722,311.16828,158.24526
160.0,Dante,0.0007355717726512937,0.009591939378034068,54.96038,-156.92697,8.57251,31.68229
160.0,Hades,0.0009912712008043393,0.008405850221299475,70.49192,-161.25894,348.62651,211.90723
160.0,Pandora,0.0016874037713016758,0.004684617525503414,71.20775,-148.17411,3.78642,59.87665
160.0,Cassandra,0.003999906409888011,0.03463494237128221,116.38133,31.19463,170.93966,93.31829
160.0,Chaos,0.010544213256943186,0.03079632509299858,117.82811,27.4309,317.10254,301.23502
165.0,Alpha Centauri B,23.652028521755213,0.5170996318521548,79.20703,-155.13643,231.8367,52.99452
165.0,Alpha Centauri A b,1.594470765112048,0.08691346831905136,63.55752,-151.79761,309.0769,5.02982
165.0,Dante,0.0007350746528163546,0.007422164026389428,71.24625,-151.24671,147.44867,339.00007
165.0,Hades,0.0009872951824604391,0.048555464747670335,64.58495,-163.43906,342.46684,283.25148
165.0,Pandora,0.0016870258886037164,0.005230649336897131,66.41806,-144.5716,256.20217,59.43488
165.0,Cassandra,0.003984873936297641,0.0636548820565269,112.8839,22.23771,4.38378,331.29304
165.0,Chaos,0.009989405145861089,0.042078300010223085,118.13175,26.7261,50.51237,134.43378
170.0,Alpha Centauri B,23.55499532110448,0.516108977544099,79.22033,-155.15157,231.54055,97.2707
170.0,Alpha Centauri A b,1.6012846953641895,0.09385978085866982,63.42964,-151.59206,316.50631,202.03596
170.0,Dante,0.0007358448622133792,0.02552140269695837,55.7277,-160.23807,8.80614,11.90318
170.0,Hades,0.000992752457233211,0.006987059866810089,58.93143,-162.88382,32.60666,14.4848
170.0,Pandora,0.0016868472763719223,0.005149159466682604,60.11585,-144.09098,178.88788,28.55357
170.0,Cassandra,0.0039586967827305326,0.04258599154804104,122.12936,26.06928,210.40766,212.03964
170.0,Chaos,0.010504956883760677,0.05828019067127035,117.43184,25.83394,109.81209,354.67294
175.0,Alpha Centauri B,23.61464083527457,0.5154132228377535,79.19436,-155.14294,231.83522,121.14131
175.0,Alpha Centauri A b,1.606314053191183,0.09501250135196668,63.39884,-151.59231,314.12141,68.88886
175.0,Dante,0.0007352962412519411,0.02074786734797861,69.77486,-149.35102,327.3236,335.48343
175.0,Hades,0.0009882119827988322,0.0458356103955848,54.67528,-160.83171,123.43554,296.06457
175.0,Pandora,0.0016870465104552995,0.005855218358917208,55.25295,-147.82124,81.9822,20.76209
175.0,Cassandra,0.00394087198683657,0.03876089320191871,113.85432,29.22337,103.34074,48.28829
175.0,Chaos,0.010046597534031348,0.02101525076266103,116.86266,25.25717,166.70136,215.85346
180.0,Alpha Centauri B,23.571592634438048,0.5170539667278651,79.22202,-155.14329,231.59299,137.40345
180.0,Alpha Centauri A b,1.6130862517700126,0.08812970884625945,63.39909,-151.60888,311.87942,261.77858
180.0,Dante,0.000733942088731417,0.004242435944702675,56.83276,-162.28623,342.95861,294.28892
180.0,Hades,0.000994682484691184,0.0626101603749437,52.31948,-157.70879,343.50993,34.28203
180.0,Pandora,0.0016874272214025905,0.004567784292298321,53.01562,-155.20987,330.79362,26.50036
180.0,Cassandra,0.003921126091608514,0.05331919208536859,118.03466,19.22983,314.73656,266.6497
180.0,Chaos,0.010428081883014233,0.002774673613371344,116.16866,25.61955,354.95088,314.30338
185.0,Alpha Centauri B,23.59204318352254,0.5151262197597305,79.21011,-155.14456,231.68923,149.47808
185.0,Alpha Centauri A b,1.6139711156758612,0.08753661433445428,63.44631,-151.62142,317.96909,124.96523
185.0,Dante,0.000734954788041694,0.02446949580226667,68.30719,-147.94778,108.95944,9.2075
185.0,Hades,0.0009889352637206974,0.013646351074020097,52.8329,-153.11907,292.64377,208.6209
185.0,Pandora,0.0016874073373649178,0.004673267351639309,54.90877,-162.01859,235.146,19.47361
185.0,Cassandra,0.00391041735176458,0.04842006918240594,120.48075,29.01493,166.79154,149.65851
185.0,Chaos,0.010115019007969987,0.03236051676106354,115.44353,26.14747,159.32275,72.80672
190.0,Alpha Centauri B,23.588085536561195,0.516784690015608,79.20013,-155.15119,231.73649,159.56075
190.0,Alpha Centauri A b,1.6127936259549398,0.09413635943689522,63.47387,-151.58198,314.16351,325.20377
190.0,Dante,0.0007348815935159836,0.012250626445194094,59.70394,-164.64091,228.74451,32.01207
190.0,Hades,0.000989981268015271,0.006266498807814675,56.39435,-149.40772,153.08536,234.44719
190.0,Pandora,0.0016874976499762213,0.007218594093001394,60.22581,-166.13985,134.02136,15.1345
190.0,Cassandra,0.003908966990037547,0.038747336557018966,112.19464,22.92683,37.08146,357.56889
190.0,Chaos,0.01034338165964208,0.045510099558533586,115.37316,27.07755,198.4713,311.67792
195.0,Alpha Centauri B,23.581077471368726,0.5160054625426377,79.22474,-155.13181,231.59903,168.71191
195.0,Alpha Centauri A b,1.6075828020452945,0.08832982362212603,63.47805,-151.54109,312.47595,182.85044
195.0,Dante,0.0007341076983107045,0.006696793490576085,65.17162,-146.2368,260.11208,59.03231
195.0,Hades,0.000992010375002951,0.022998313625604505,61.28002,-147.07654,251.20474,334.79047
195.0,Pandora,0.0016872279665865156,0.006930227782790174,66.01484,-166.00621,36.03473,4.31885
195.0,Cassandra,0.0039105240149894345,0.048607675976040834,120.76331,20.75188,268.83785,203.17867
195.0,Chaos,0.01020524259230074,0.022200989115710702,115.30013,28.03666,274.42815,159.54314
200.0,Alpha Centauri B,23.60262456922151,0.5151789703000993,79.19109,-155.16655,231.76657,177.0144
200.0,Alpha Centauri A b,1.6015426378063784,0.08627647229365652,63.47345,-151.53302,314.91502,37.14166
200.0,Dante,0.000733853101170723,0.004545545527771894,64.32642,-164.86462,309.12599,65.17143
200.0,Hades,0.0009889554988355023,0.03805699123072615,66.41336,-146.51658,180.12277,228.24442
200.0,Pandora,0.0016872660525941608,0.006366093916094441,71.11829,-161.97407,315.08173,335.82739
200.0,Cassandra,0.003923729436587857,0.0545582528412482,114.68984,29.58913,120.9637,87.65533
200.0,Chaos,0.010292348858433858,0.018017328744457276,115.87824,28.25191,313.49735,45.90046
205.0,Alpha Centauri B,23.572042420735283,0.5171354085854554,79.22187,-155.12592,231.63526,185.47136
205.0,Alpha Centauri A b,1.5960554698597549,0.09412565394064511,63.48706,-151.52204,316.75794,231.2102
205.0,Dante,0.0007343176015136122,0.0078107898806864225,61.36986,-145.67381,172.68845,297.08172
205.0,Hades,0.0009882002861111652,0.04128774155204987,71.07232,-147.99433,61.4823,241.6204
205.0,Pandora,0.0016872149344899468,0.005878302555014203,73.40736,-156.3056,208.44376,334.1553
205.0,Cassandra,0.003944267157033507,0.03764182904028916,113.55924,19.8187,330.91123,305.88248
205.0,Chaos,0.010250175636514456,0.032812459174244406,116.81507,28.606,261.56842,16.76354
210.0,Alpha Centauri B,23.611763044471054,0.5145293285232673,79.20508,-155.15469,231.628,194.06698
210.0,Alpha Centauri A b,1.5949945034478126,0.09189566205607719,63.53291,-151.50093,309.77543,107.57679
210.0,Dante,0.0007344882471752528,0.002775946443870434,68.26814,-162.93011,181.07117,315.0948
210.0,Hades,0.000990054781248206,0.04371568295105778,73.25621,-150.39281,16.34284,89.29504
210.0,Pandora,0.0016871930899682649,0.0040590551436539635,72.00033,-149.8474,87.09409,344.16736
210.0,Cassandra,0.003960947228711052,0.044395506458620726,120.51899,27.64181,229.35363,140.87523
210.0,Chaos,0.010197403462489358,0.038462833536091735,117.35172,28.23226,309.31173,247.97225
215.0,Alpha Centauri B,23.55959488321321,0.5174383016603511,79.21027,-155.14347,231.77486,203.20119
215.0,Alpha Centauri A b,1.6006652148241383,0.08632216737774351,63.55121,-151.45298,313.95968,294.64529
215.0,Dante,0.0007353741753968444,0.008135246068289937,57.14141,-147.79201,88.93204,23.3191
215.0,Hades,0.0009865453538927575,0.04097837189715852,73.14012,-154.40785,251.47289,129.10575
215.0,Pandora,0.0016869959684922028,0.00434142938859349,68.06239,-145.21325,350.94401,332.07313
215.0,Cassandra,0.003989228731360424,0.06407160329492412,111.65348,27.79352,68.74604,23.77264
215.0,Chaos,0.010311699237020527,0.037524878743440154,118.06268,27.54332,24.74274,99.46457
220.0,Alpha Centauri B,23.619211593034407,0.5152926115860715,79.21021,-155.13378,231.52276,214.07664
220.0,Alpha Centauri A b,1.6083355252797003,0.0908354164889744,63.55495,-151.39894,316.22466,156.05013
220.0,Dante,0.0007345257898053176,0.0031965725210990137,70.92076,-159.06855,129.05417,34.50967
220.0,Hades,0.0009862592845105806,0.03816808247372217,70.28217,-158.97442,121.37091,180.10962
220.0,Pandora,0.001687301874617765,0.00629401674343347,61.92899,-143.92543,242.78597,332.0889
220.0,Cassandra,0.004000825182196962,0.03267132803591437,119.09151,20.92856,268.11985,258.90167
220.0,Chaos,0.010195529684412834,0.02622697001955499,117.87075,26.9574,54.00333,350.48996
225.0,Alpha Centauri B,23.548944424008578,0.5162779287295857,79.21259,-155.16418,231.84096,226.84161
225.0,Alpha Centauri A b,1.6168816621249305,0.09841565764623,63.53808,-151.33177,312.74771,7.03086
225.0,Dante,0.0007342662151163087,0.004639153587253391,54.52678,-152.46522,115.60365,72.01149
225.0,Hades,0.0009878254765644115,0.04173268124302194,65.91391,-162.84106,352.92156,235.23536
225.0,Pandora,0.0016874664125538612,0.00508846713641476,56.32657,-146.23233,149.52018,317.64029
225.0,Cassandra,0.004010326297836933,0.049602115494189206,118.63614,31.28756,187.77026,75.6041
225.0,Chaos,0.01033995017397611,0.022016103754108014,117.35626,25.89121,348.33709,333.20809
230.0,Alpha Centauri B,23.63098879184808,0.516463632985467,79.20289,-155.13146,231.52644,244.99033
230.0,Alpha Centauri A b,1.6157671971977263,0.08762468785639797,63.49054,-151.24413,311.72764,211.8442
230.0,Dante,0.000735646380328671,0.017119286852050827,71.60396,-154.61054,141.586,36.02761
230.0,Hades,0.000990868056022212,0.03997182667202786,60.74844,-165.1476,202.69715,41.15411
230.0,Pandora,0.0016873500054227814,0.004595117629655454,53.34792,-152.93058,80.07201,283.49118
230.0,Cassandra,0.004010694979835335,0.06543879950029965,113.60263,22.12652,8.7308,325.3456
230.0,Chaos,0.010161780066485358,0.030852914915810364,116.85723,25.59516,44.05276,202.89173
235.0,Alpha Centauri B,23.544562740855522,0.5152716373249752,79.21778,-155.15138,231.74008,273.15988
235.0,Alpha Centauri A b,1.6108051532870593,0.09288001637091675,63.42679,-151.18257,318.58218,70.77154
235.0,Dante,0.0007362227977442134,0.008957298537236846,54.66143,-158.28306,228.43277,35.42386
235.0,Hades,0.0009869993684231576,0.04250624982687029,56.79799,-165.23155,132.6997,234.32442
235.0,Pandora,0.0016872600618754508,0.003317512269035962,53.89959,-160.36314,331.3052,289.98474
235.0,Cassandra,0.003994421965916432,0.027531140329759694,122.57019,23.4325,228.92571,191.98999
235.0,Chaos,0.010355232844727797,0.04985118284641699,115.85618,25.82597,108.95908,62.15181
240.0,Alpha Centauri B,23.67346083402162,0.5178341785897593,79.20492,-155.14615,231.62493,327.2033
240.0,Alpha Centauri A b,1.6053515280115644,0.08513237563543331,63.53472,-151.14396,320.68162,258.32846
240.0,Dante,0.0007349848064878766,0.013076818908619595,70.76307,-151.25069,72.78908,323.83713
240.0,Hades,0.0009880511617293918,0.025790692613301663,54.63397,-163.05826,322.30174,101.38154
240.0,Pandora,0.0016869657736937555,0.0013156450296005146,58.4984,-165.24972,199.66369,315.42651
240.0,Cassandra,0.003982895490890935,0.05285617025356832,114.18993,28.3583,127.13291,22.31222
240.0,Chaos,0.010137857745488513,0.03386445046870012,115.47669,26.31571,153.20998,295.95473
245.0,Alpha Centauri B,23.52524444508106,0.5149548071073133,79.21037,-155.14657,231.60273,44.35493
245.0,Alpha Centauri A b,1.600711375994272,0.08372237512317829,63.88268,-150.49299,313.4598,131.7341
245.0,Dante,0.0007358913869327055,0.02717563826987946,56.46778,-161.86529,202.45365,5.36931
245.0,Hades,0.0009890954946265313,0.047923792679468884,54.2297,-158.14467,256.07047,271.96768
245.0,Pandora,0.001686905613506543,0.0021641526174785634,64.4444,-166.56304,124.64844,283.83297
245.0,Cassandra,0.003955123483808255,0.05640310811242065,116.1348,18.29788,317.64766,261.84317
245.0,Chaos,0.010361057095520128,0.004552715300749427,115.20898,27.51174,153.98121,216.77229
250.0,Alpha Centauri B,23.65393290553047,0.5170094532218765,79.20323,-155.1411,231.84952,92.44174
250.0,Alpha Centauri A b,1.5951489222153425,0.08311651418147412,63.73607,-150.21899,321.16568,319.96947
250.0,Dante,0.0007344813293498717,0.0015735270223462903,69.49948,-148.70489,39.73724,351.99795
250.0,Hades,0.0009937317004946663,0.006215253146908611,56.03098,-152.43597,291.95976,336.08174
250.0,Pandora,0.00168721534458308,0.0031207723965795816,69.78977,-163.39918,12.264,287.8734
250.0,Cassandra,0.003936233509242138,0.036456871865897016,119.70242,28.13024,185.986,130.73111
250.0,Chaos,0.010134445900610781,0.02106242596218128,114.82521,28.20541,152.98733,145.10208
255.0,Alpha Centauri B,23.549827179532485,0.516042891880241,79.22356,-155.14753,231.53758,118.7156
255.0,Alpha Centauri A b,1.6007914047051235,0.0899879258592453,63.70527,-150.22943,320.95448,176.69785
255.0,Dante,0.0007340896873705522,0.006083528615860899,59.47983,-163.88522,190.04829,285.82453
255.0,Hades,0.0009871611096112433,0.04459915755157672,60.17673,-146.79972,40.36844,248.6042
255.0,Pandora,0.0016873153786812398,0.0010020264918895539,73.1957,-157.97814,316.65783,232.52878
255.0,Cassandra,0.0039204235721004834,0.04607359850215891,110.85603,24.60719,66.80283,324.70313
255.0,Chaos,0.010420078158573634,0.051569351697555596,115.48183,28.94226,201.54305,15.74687
260.0,Alpha Centauri B,23.62768348726666,0.5153921069320927,79.18833,-155.14789,231.8716,135.18567
260.0,Alpha Centauri A b,1.6060397632679535,0.08751814773219353,63.74172,-150.25051,318.66613,34.03904
260.0,Dante,0.0007351663782710138,0.02128375754746768,66.60765,-146.07007,251.60905,319.74731
260.0,Hades,0.0009868513632585226,0.027436565028180784,65.81665,-144.55295,230.07207,133.02828
260.0,Pandora,0.0016872932442326923,0.001907162944898979,72.70365,-151.71362,262.24033,178.10378
260.0,Cassandra,0.003909097858165196,0.05509398964579012,119.60323,21.39878,275.06186,198.05384
260.0,Chaos,0.010073444705897872,0.039664210268313134,115.98379,29.5652,254.89385,240.98068
265.0,Alpha Centauri B,23.560720670153618,0.517087240556335,79.22674,-155.13917,231.56278,148.05889
265.0,Alpha Centauri A b,1.61215656688703,0.0810086748942514,63.78243,-150.24416,318.16479,232.19914
265.0,Dante,0.0007351519254041692,0.023180688128216588,62.98187,-164.56949,318.60869,335.833
265.0,Hades,0.0009874492622046712,0.0476631056347505,70.3836,-145.9089,181.15025,258.09206
265.0,Pandora,0.0016875232439646564,0.0006872224017566251,69.40487,-146.17008,258.68485,72.45452
265.0,Cassandra,0.003909171063242358,0.04290980866186981,115.51897,31.40315,134.78569,73.01366
265.0,Chaos,0.010431796317157198,0.02037649852926966,116.93452,29.20529,334.44446,87.78255
270.0,Alpha Centauri B,23.60818710035985,0.5146673889977027,79.20277,-155.14897,231.7371,158.23328
270.0,Alpha Centauri A b,1.6147489426083554,0.08540866888684484,63.80429,-150.21916,323.78881,94.6195
270.0,Dante,0.0007345733762742288,0.019399350726263687,62.07593,-145.08831,334.40179,330.71538
270.0,Hades,0.0009867160851529438,0.030696956739323884,72.1076,-151.34854,105.99104,181.73454
270.0,Pandora,0.001687349395223994,0.001960910068575378,63.84773,-143.94982,169.40829,53.97049
270.0,Cassandra,0.003914264173973076,0.038848525950569555,113.82485,21.49262,9.53467,266.61241
270.0,Chaos,0.010035714668454312,0.013953065440301124,117.79936,29.0498,257.404,86.50865
275.0,Alpha Centauri B,23.570053078978617,0.5173806327736502,79.20876,-155.14623,231.68732,167.41356
275.0,Alpha Centauri A b,1.613833966101852,0.08823025849123327,63.82313,-150.20078,317.22225,293.17885
275.0,Dante,0.0007346050190380684,0.023051668999647165,66.37423,-163.63259,57.35683,2.73267
275.0,Hades,0.0009922384203034844,0.05488175800033027,70.6217,-157.16339,302.80747,356.89097
275.0,Pandora,0.0016872513667577575,0.0007741841681301582,57.64594,-145.17177,17.30237,96.92468
275.0,Cassandra,0.003924337425193137,0.05424184180239701,122.18986,27.16464,233.13803,137.45951
275.0,Chaos,0.010521650973171825,0.049500225861612235,117.79961,28.13084,286.6224,334.59509
280.0,Alpha Centauri B,23.59601942537524,0.5153460782502387,79.21986,-155.1335,231.61296,176.00167
280.0,Alpha Centauri A b,1.60850325433188,0.08129907597709804,63.82069,-150.1663,318.33933,155.84722
280.0,Dante,0.0007344493390025637,0.004360353936633624,58.88374,-146.25168,190.55532,64.98786
280.0,Hades,0.000990828610283338,0.05436386262894855,67.31511,-162.38106,200.70903,326.92046
280.0,Pandora,0.001686982264712443,0.0007629925071687995,53.88169,-150.67395,248.05149,122.42075
280.0,Cassandra,0.003948104184863608,0.05099545009485484,113.33926,28.18972,77.04644,12.98097
280.0,Chaos,0.009984249268579536,0.04845909686693793,117.82155,26.9943,350.02856,193.56268
285.0,Alpha Centauri B,23.583502928063353,0.5160872304515957,79.19485,-155.16756,231.77337,184.17367
285.0,Alpha Centauri A b,1.599913163760247,0.08135808062846188,63.83143,-150.16232,321.32988,359.24567
285.0,Dante,0.000735912266016405,0.027736276738686283,68.48049,-162.47776,110.85732,349.81746
285.0,Hades,0.000987111200041731,0.025136327109831696,63.03074,-165.90904,124.0085,221.00039
285.0,Pandora,0.001686909600659373,0.0035146104980913126,53.37227,-158.47077,181.01685,86.79235
285.0,Cassandra,0.003965548140746071,0.03117061299114992,119.11819,19.1569,313.55219,213.21103
285.0,Chaos,0.010546911771190748,0.04434654299579978,117.16213,26.47927,68.10969,41.48636
290.0,Alpha Centauri B,23.5864829888884,0.5165370514022507,79.2197,-155.1237,231.61149,192.85339
290.0,Alpha Centauri A b,1.5950616862429097,0.09149383282476345,63.87247,-150.15569,320.52375,205.69695
290.0,Dante,0.0007349537009541602,0.011646477937679334,56.7075,-148.57868,241.9316,36.59014
290.0,Hades,0.0009865592185216794,0.03081363655053714,59.33158,-166.8284,279.04787,181.84638
290.0,Pandora,0.0016870468976576734,0.004664212827165545,56.83386,-164.17831,85.92238,76.58318
290.0,Cassandra,0.003989363419275262,0.05915111022384737,119.39802,29.3554,190.6474,71.04725
290.0,Chaos,0.009950825932827947,0.0077333625115324845,116.23159,25.94789,95.59051,292.04958
295.0,Alpha Centauri B,23.600663652618987,0.5148260524411306,79.20429,-155.16284,231.66155,201.96261
295.0,Alpha Centauri A b,1.5938231897686732,0.08342141443172993,63.91188,-150.10056,314.10036,76.39905
295.0,Dante,0.0007346433276054017,0.01940591912381761,70.55564,-160.51723,170.69445,327.55529
295.0,Hades,0.0009909022508035774,0.05282632849575939,56.49669,-164.68755,234.05679,326.00066
295.0,Pandora,0.0016873518521827455,0.0043929488927101955,62.81412,-166.59589,16.61761,39.16377
295.0,Cassandra,0.00400666114392014,0.05574664673710726,112.26399,21.74522,14.57043,318.01931
295.0,Chaos,0.010594567366438247,0.036860749456522034,115.71101,26.44129,352.05085,315.48456
300.0,Alpha Centauri B,23.572461365530682,0.5172056949285149,79.21077,-155.13575,231.73212,212.27455
300.0,Alpha Centauri A b,1.602359485262525,0.08216809070846834,63.92055,-150.04435,319.85484,262.32471
300.0,Dante,0.0007340079229178593,0.001956244310483908,55.70818,-150.85659,1.3022,43.57068
300.0,Hades,0.0009995070954764817,0.015107762256559866,55.27821,-159.39846,324.74308,346.06446
300.0,Pandora,0.00168750022516889,0.004986506446376464,68.3939,-164.70279,278.6756,29.72912
300.0,Cassandra,0.004006330564916382,0.025755336040029643,120.95156,21.99458,276.35143,144.52205
300.0,Chaos,0.009926032752842068,0.0501655942732191,114.87599,27.45587,75.22031,160.22436
305.0,Alpha Centauri B,23.617883021474775,0.5152234943517146,79.20871,-155.14064,231.51974,225.12587
305.0,Alpha Centauri A b,1.609715142458034,0.08739408435062483,63.88825,-149.99722,321.48869,128.69495
305.0,Dante,0.0007342909123696044,0.02210422650261982,71.68166,-158.20864,276.99603,354.52574
305.0,Hades,0.0009976842555617662,0.023316011540702467,56.0955,-152.70867,243.13361,298.38071
305.0,Pandora,0.0016874118371234118,0.003723093484625457,72.52417,-159.56268,154.49474,42.19032
305.0,Cassandra,0.004012800873109878,0.06625472531398387,113.4375,29.34402,136.09209,11.99553
305.0,Chaos,0.010600201624911423,0.06233751553907829,114.82976,28.14703,146.98163,9.04226
310.0,Alpha Centauri B,23.54979542725094,0.5164895232727172,79.21432,-155.15571,231.8546,241.74495
310.0,Alpha Centauri A b,1.6178862249747183,0.09338761989398948,63.87132,-149.95559,316.34265,331.65171
310.0,Dante,0.000735534872243221,0.025993496039530124,55.33817,-152.2683,292.06576,339.81654
310.0,Hades,0.0009873408279819208,0.036764239389130274,59.56477,-146.72183,183.15962,210.34562
310.0,Pandora,0.0016870526075711148,0.0038172962450915746,73.25849,-153.53618,51.2458,36.84914
310.0,Cassandra,0.003992094752382988,0.048574223832788935,114.6131,19.84754,319.03248,260.63353
310.0,Chaos,0.009960107700169559,0.028108170555303458,115.21165,29.38514,200.96542,233.51329
315.0,Alpha Centauri B,23.64184141284203,0.5165763251690372,79.2009,-155.13811,231.49518,268.39872
315.0,Alpha Centauri A b,1.6172074046776288,0.0803755649785674,63.8242,-149.86011,320.05516,182.68971
315.0,Dante,0.0007365574498214003,0.026685472741051913,71.88027,-157.13543,349.53235,340.16592
315.0,Hades,0.0009880759254743878,0.04791456024707618,64.1352,-143.56378,109.74546,109.61483
315.0,Pandora,0.0016871553530116018,0.006542595393028112,70.51847,-147.52905,306.82712,31.51936
315.0,Cassandra,0.0039764228922576795,0.033898758298855226,120.1332,29.00537,229.66163,87.92305
315.0,Chaos,0.010556415072929938,0.013982839424067504,115.68495,29.61169,22.65971,336.6384
320.0,Alpha Centauri B,23.52674816372199,0.5150586392835149,79.21919,-155.14394,231.78557,317.25011
320.0,Alpha Centauri A b,1.6133116812047976,0.08807663533619885,63.85001,-149.83941,330.19407,27.05562
320.0,Dante,0.000734459902907119,0.01657370002215841,54.78198,-152.78352,10.05036,311.5034
320.0,Hades,0.000988741087247325,0.03820383009461588,68.94194,-144.86861,307.16038,240.49617
320.0,Pandora,0.0016871776178286944,0.006682046871684024,65.63681,-144.12803,205.03155,22.90904
320.0,Cassandra,0.003951509361853327,0.05828333734513424,111.65473,26.79466,77.63324,311.7599
320.0,Chaos,0.00997652319961529,0.030587226871413343,116.91835,29.71218,168.88299,114.4236
325.0,Alpha Centauri B,23.64107231531047,0.5172759373412177,79.20867,-155.15192,231.66757,34.62922
325.0,Alpha Centauri A b,1.5975351592400135,0.08788707827393538,64.25707,-149.31852,324.35983,229.54638
325.0,Dante,0.0007351694125451566,0.013346617107482533,71.67252,-156.18706,31.12397,318.35641
325.0,Hades,0.0009878941006669164,0.050269941940027124,70.91506,-149.36439,256.18524,107.76556
325.0,Pandora,0.0016871940251815868,0.006105890330953861,59.26833,-144.51221,125.92041,353.955
325.0,Cassandra,0.0039310236671089745,0.04783095509705845,120.31528,21.38411,280.44166,194.18709
325.0,Chaos,0.01050947865975924,0.05726876054637189,117.42496,29.44696,224.66313,336.55747
330.0,Alpha Centauri B,23.55966956906562,0.5153627762888869,79.20806,-155.14353,231.67285,87.694
330.0,Alpha Centauri A b,1.596007064898863,0.08130684119081841,64.17929,-148.94323,318.91791,101.45796
330.0,Dante,0.0007340943003537636,0.01971334459575339,54.44444,-153.21728,125.09492,328.33683
330.0,Hades,0.0009893378514381054,0.04485430343666029,70.57564,-155.98861,147.13894,104.95053
330.0,Pandora,0.001687235868525789,0.005982276928039205,54.57667,-148.67883,21.91809,353.19625
330.0,Cassandra,0.003917424178944254,0.037284091554688634,117.67224,31.18413,164.9677,40.08215
330.0,Chaos,0.01006127588156362,0.03260269871592622,117.4867,28.30606,290.96864,191.05412
335.0,Alpha Centauri B,23.616257964141727,0.5168309237262282,79.20665,-155.14518,231.73892,115.62216
335.0,Alpha Centauri A b,1.5953451785222643,0.07959161056077457,64.15425,-148.93534,329.38646,282.8023
335.0,Dante,0.0007353084590738833,0.021171844612740902,71.43341,-156.38814,158.29199,338.56546
335.0,Hades,0.0009908287755757148,0.032973760232118635,68.30503,-161.82885,61.54818,333.68414
335.0,Pandora,0.0016873468089942923,0.0047394650233720265,53.20478,-156.29314,266.2417,3.61309
335.0,Cassandra,0.003907673835610049,0.04979793865001765,114.1608,21.04708,26.8163,248.83884
335.0,Chaos,0.010417767973100294,0.017760320514508536,117.31669,27.77196,10.11975,38.43261
340.0,Alpha Centauri B,23.562504900738016,0.5158183527027338,79.22283,-155.14403,231.58992,133.44929
340.0,Alpha Centauri A b,1.5987066793369158,0.08635059530689446,64.17884,-148.97063,324.99503,151.30405
340.0,Dante,0.0007366522829959377,0.02243700312933834,54.28299,-154.41158,196.46285,333.7807
340.0,Hades,0.0009882773628790236,0.0470285306246511,63.68057,-166.50849,288.15629,119.00479
340.0,Pandora,0.0016875562809598491,0.005504698891195324,55.44751,-162.97783,177.49938,348.95928
340.0,Cassandra,0.003907281869778343,0.051914921734026336,122.56602,24.479,236.38543,132.28886
340.0,Chaos,0.010108299380992312,0.022677053526099628,116.35663,27.2259,292.35876,35.45679
345.0,Alpha Centauri B,23.619180540220285,0.515747177711362,79.18746,-155.15284,231.83504,146.20276
345.0,Alpha Centauri A b,1.604206148391666,0.07993076960594753,64.23514,-148.98257,323.9124,357.36247
345.0,Dante,0.0007354484202300593,0.02600225847500069,71.7035,-156.11376,259.42042,340.62077
345.0,Hades,0.0009845021000784058,0.04892991247381156,58.98122,-166.75811,158.51596,180.82579
345.0,Pandora,0.0016873568482134518,0.007171477566605685,61.06397,-166.24008,78.88041,341.29927
345.0,Cassandra,0.003918683176802485,0.04059314696322209,113.17121,27.59981,98.89346,349.44467
345.0,Chaos,0.010358537347343296,0.04039613768525292,115.91655,26.91666,316.03007,290.67559
350.0,Alpha Centauri B,23.562712580828588,0.5168569293138913,79.22871,-155.13485,231.56909,157.04822
350.0,Alpha Centauri A b,1.6112469149658442,0.07582527605419292,64.27664,-148.95408,325.89202,202.78148
350.0,Dante,0.0007353224255926022,0.02645461280555672,54.64591,-154.46195,341.83506,10.72923
350.0,Hades,0.0009949896504217388,0.029558936609736738,55.48598,-161.38188,343.44625,349.13652
350.0,Pandora,0.0016873158360534838,0.005820284323707216,67.01573,-165.71248,342.85385,329.71726
350.0,Cassandra,0.003929330855895781,0.043532659049433785,117.06162,18.30576,337.88295,188.64195
350.0,Chaos,0.010163782292736024,0.033501727952193514,115.33266,27.81324,36.87423,136.74152
355.0,Alpha Centauri B,23.615170560943795,0.5145107088218072,79.19599,-155.15592,231.76188,166.11805
355.0,Alpha Centauri A b,1.6161363573855736,0.08418292441375298,64.26126,-148.92263,328.99593,62.17672
355.0,Dante,0.0007343061409325107,0.014176863354025945,72.03974,-156.72322,82.87229,52.68984
355.0,Hades,0.0009898165924197536,0.04729340477280698,55.56497,-154.14698,257.95676,263.96439
355.0,Pandora,0.0016870658787378695,0.005002944604576439,71.54033,-161.15451,261.58766,299.27181
355.0,Cassandra,0.003951711572168764,0.05866558224418822,118.69645,29.04789,194.14954,67.03765
355.0,Chaos,0.010314875018881196,0.03189279407742171,114.74064,28.31342,86.45177,10.0057
360.0,Alpha Centauri B,23.56297637902468,0.5175807643908173,79.21522,-155.13965,231.66285,174.78691
360.0,Alpha Centauri A b,1.6149416605642433,0.08141649398086685,64.25854,-148.92581,321.06661,263.4314
360.0,Dante,0.0007351526839356188,0.004776637437722579,55.17286,-153.17278,284.21456,346.37893
360.0,Hades,0.0009863399157843673,0.042132162503514724,58.80265,-147.49636,182.51996,168.83806
360.0,Pandora,0.001686921705161568,0.004080253477050173,73.50499,-155.22417,145.55621,306.34272
360.0,Cassandra,0.003977503156718637,0.041324225699688744,110.89318,23.70527,31.00962,301.03085
360.0,Chaos,0.010212482593295854,0.018303848800864445,115.1539,29.33011,28.08067,346.5921
365.0,Alpha Centauri B,23.60843521682348,0.5147748265833259,79.21438,-155.13802,231.61766,183.16299
365.0,Alpha Centauri A b,1.609278517788063,0.07566199935257219,64.29087,-148.91687,325.54986,126.21259
365.0,Dante,0.0007341183103646256,0.01743824265935213,71.85931,-156.91844,95.29521,319.47494
365.0,Hades,0.0009906169553764647,0.03778024765118784,63.65272,-143.96071,95.34554,102.29052
365.0,Pandora,0.001687188250321812,0.002709228294986237,71.54914,-149.1466,14.21247,328.42232
365.0,Cassandra,0.003991292635491979,0.0390611898190712,120.34088,22.76403,302.01749,120.66316
365.0,Chaos,0.010279838295443697,0.026675428156510847,115.20367,30.09896,58.5305,239.26189
370.0,Alpha Centauri B,23.566093651007083,0.5169318936940742,79.20094,-155.16312,231.78261,191.47479
370.0,Alpha Centauri A b,1.599139569996442,0.07859237926594252,64.31018,-148.87798,328.33539,321.3297
370.0,Dante,0.0007347581053550171,0.024309415709414764,54.89916,-152.16563,175.01281,352.70737
370.0,Hades,0.0009928295527368621,0.028165247382384507,68.24585,-144.25423,7.71366,24.70582
370.0,Pandora,0.001687437257845957,0.0034751172724453955,67.15811,-144.61615,288.18312,303.1436
370.0,Cassandra,0.004012493664136235,0.06886225980592997,114.621,31.24337,140.62627,6.02408
370.0,Chaos,0.0102468135273062,0.04194779179275395,116.11639,29.93291,138.75577,84.89742
375.0,Alpha Centauri B,23.60254678219984,0.5159206632950861,79.21615,-155.12406,231.57588,200.71102
375.0,Alpha Centauri A b,1.5946585630691883,0.08745495816991142,64.32951,-148.83926,324.00911,181.14552
375.0,Dante,0.0007349817422432034,0.025225276193535682,71.45698,-157.19113,254.39116,13.00129
375.0,Hades,0.0009893803941115446,0.009378525144532251,70.74685,-148.43495,144.5847,79.58898
375.0,Pandora,0.0016873717917479136,0.004575745661501313,61.08879,-144.06291,189.18007,294.36394
375.0,Cassandra,0.0040068252477412315,0.034174050617989234,115.11582,20.99738,331.01928,250.29697
375.0,Chaos,0.010251178951060662,0.040071825402432246,116.91946,30.08073,177.3648,324.34445
380.0,Alpha Centauri B,23.579300444812407,0.5154432363746962,79.20641,-155.16831,231.72919,210.7311
380.0,Alpha Centauri A b,1.5934872924932229,0.07549308415007927,64.35268,-148.79078,320.5524,40.43933
380.0,Dante,0.0007362877157370786,0.019972955081032515,54.58018,-152.10701,330.43467,32.08134
380.0,Hades,0.0009893764554415332,0.034353861144300675,70.73548,-155.35444,108.58393,150.34217
380.0,Pandora,0.0016872617933012305,0.00238736853216032,55.52037,-147.13453,112.54674,265.07735
380.0,Cassandra,0.004006029124838762,0.047648925718504986,122.03338,28.1884,255.50495,61.19527
380.0,Chaos,0.010265571417400712,0.0037506869540742485,117.16921,29.35591,205.00582,216.5025
385.0,Alpha Centauri B,23.594286018043167,0.5168108501142266,79.20857,-155.13156,231.65922,223.03238
385.0,Alpha Centauri A b,1.6019416531125428,0.07955189286776333,64.34168,-148.73168,326.89221,231.55193
385.0,Dante,0.0007351254576452614,0.007203150548731508,71.12904,-157.84921,74.97663,54.44207
385.0,Hades,0.0009874382056198447,0.03466420120342185,68.21218,-161.8837,349.04805,184.14122
385.0,Pandora,0.001686922998434707,0.0023045738631764664,53.24479,-153.95314,63.84664,208.42343
385.0,Cassandra,0.003988439002008527,0.06353230672906963,112.9231,26.7097,81.24135,307.40762
385.0,Chaos,0.010238132161712044,0.012222694290740153,117.5043,28.55263,179.87532,167.97615
390.0,Alpha Centauri B,23.60022215638447,0.5153411785612922,79.20977,-155.14728,231.5723,239.27287
390.0,Alpha Centauri A b,1.6085952846771567,0.08465225482593343,64.30385,-148.69879,325.87764,100.13094
390.0,Dante,0.0007352337529663075,0.02776577543904329,54.96795,-151.3436,16.22724,9.81964
390.0,Hades,0.0009949863184769794,0.060797204384040994,64.694,-165.86777,191.77721,323.34903
390.0,Pandora,0.0016870647106768525,0.00043443645494280864,54.44847,-161.48574,288.59553,240.42624
390.0,Cassandra,0.00396496640864852,0.03326456262943359,120.05514,19.41036,294.66311,179.88682
390.0,Chaos,0.010313159748904463,0.045561563927444114,116.95908,28.16357,228.54566,40.0827
395.0,Alpha Centauri B,23.582079662209214,0.5166251859597303,79.21243,-155.14785,231.76902,263.5424
395.0,Alpha Centauri A b,1.6149211743038572,0.08640854950975049,64.25558,-148.63823,322.68405,295.52662
395.0,Dante,0.000734685641732479,0.007058926391832623,70.67555,-159.97458,344.09627,309.60035
395.0,Hades,0.0009930178616673671,0.054617248900412356,60.97722,-167.42808,66.96955,25.48539
395.0,Pandora,0.0016871551239338322,0.0009770374683678183,59.25096,-165.69484,22.89674,41.50101
395.0,Cassandra,0.003946489983816964,0.04614482226792923,118.059,29.49802,190.92169,12.19791
395.0,Chaos,0.010178602326858008,0.03806030003158594,116.25973,27.29619,272.95229,273.75193
400.0,Alpha Centauri B,23.614076570576966,0.5163953778141078,79.20244,-155.14592,231.56544,308.45418
400.0,Alpha Centauri A b,1.6123179426964591,0.07749362163458609,64.28526,-148.6032,329.32025,152.12453
400.0,Dante,0.0007338451900329434,0.014790934905327117,56.51421,-149.35844,172.4248,57.15892
400.0,Hades,0.0009940377048919754,0.060187448993963964,58.30901,-165.78914,335.02611,319.63204
400.0,Pandora,0.001687273776511161,0.0005567575776400142,65.52762,-166.25534,152.54345,162.10831
400.0,Cassandra,0.003923474013433726,0.0549444237796083,112.50491,20.84512,33.24345,242.5326
400.0,Chaos,0.010332866352412894,0.018778527412817263,115.91123,27.50661,348.22447,122.90168
405.0,Alpha Centauri B,23.615284342061603,0.5165717763228476,79.21152,-155.13662,231.78132,24.14163
405.0,Alpha Centauri A b,1.60673846931837,0.07156881080448138,64.74849,-148.10901,329.42397,355.48741
405.0,Dante,0.0007351974865614643,0.02639941597330749,69.8719,-161.81376,177.75626,343.13657
405.0,Hades,0.0009867013912798872,0.05051386064236154,56.28082,-161.43062,241.08325,268.69957
405.0,Pandora,0.0016872631726261955,0.000829894273139485,70.43744,-162.75011,28.32092,178.0692
405.0,Cassandra,0.003913122351647822,0.04219449893111366,121.13879,23.50143,247.75906,120.94372
405.0,Chaos,0.010158196342227468,0.014543971762447322,114.9848,27.92251,327.53281,68.88714
410.0,Alpha Centauri B,23.57186819095663,0.5162656793864474,79.21646,-155.15332,231.5786,82.39096
410.0,Alpha Centauri A b,1.604462248598265,0.07930812386099097,64.66309,-147.71859,328.7745,202.48812
410.0,Dante,0.0007344813735682282,0.003158407520891908,58.2534,-147.48326,135.04247,279.20141
410.0,Hades,0.0009876972294865223,0.04258726345189073,55.87695,-155.65116,128.23944,259.58956
410.0,Pandora,0.0016875788389714497,0.002793979012239254,73.31592,-156.86604,4.5876,92.46453
410.0,Cassandra,0.003909959621891701,0.04100894128613448,112.44266,28.96549,130.07583,317.56588
410.0,Chaos,0.010406296365098227,0.044676240081491424,114.71302,28.36787,319.51564,354.8122
415.0,Alpha Centauri B,23.601941368062853,0.5154551605670232,79.20079,-155.14283,231.79971,112.48754
415.0,Alpha Centauri A b,1.5984900184143693,0.07490597611252818,64.65586,-147.72617,328.89963,63.68633
415.0,Dante,0.00073636219541164,0.02497658470186777,68.45614,-162.7911,321.60807,23.22434
415.0,Hades,0.00099118507250996,0.017038302122863093,56.56471,-149.95881,70.70498,137.52962
415.0,Pandora,0.001687467195498605,0.00394128842646988,72.49239,-150.82339,261.60195,84.89589
415.0,Cassandra,0.003909986559210779,0.05279507919690126,115.75821,19.90714,348.37724,179.47529
415.0,Chaos,0.010058100575744518,0.04278672773469345,114.35555,29.82286,21.51895,214.34094
420.0,Alpha Centauri B,23.583266601387432,0.5169551964028636,79.21315,-155.14577,231.63315,131.29961
420.0,Alpha Centauri A b,1.5958743249058862,0.0785394805280632,64.70021,-147.72576,336.07922,250.49976
420.0,Dante,0.0007348030988590691,0.025273243807952366,60.34266,-145.6925,354.97778,8.70196
420.0,Hades,0.0009967154208232957,0.06405548105785147,58.15359,-145.52707,236.02549,6.91291
420.0,Pandora,0.0016873781120855021,0.0033547689202723676,68.50571,-145.5483,194.53061,42.19716
420.0,Cassandra,0.003920146967392558,0.05008090788775503,119.57896,30.14911,201.01866,60.47805
420.0,Chaos,0.01046870027853966,0.038204999082697165,114.45271,30.36399,96.43084,67.0252
425.0,Alpha Centauri B,23.582354618802178,0.5153592456557944,79.21864,-155.14262,231.66017,144.74662
425.0,Alpha Centauri A b,1.5967761365974464,0.08142801471555106,64.74182,-147.72528,328.84095,124.66206
425.0,Dante,0.0007355969385298374,0.022982588864411742,65.78099,-163.98191,346.82856,325.50321
425.0,Hades,0.000987028166792457,0.03249382933344265,60.67896,-142.99063,172.89343,223.38442
425.0,Pandora,0.0016870136892828942,0.003800185789500603,62.91136,-143.76732,92.10673,37.0748
425.0,Cassandra,0.00393831619026631,0.033987853915494554,111.77671,25.67905,67.90932,264.54058
425.0,Chaos,0.010015946189361647,0.008673101487690894,115.49579,31.04345,97.59169,344.46012
430.0,Alpha Centauri B,23.59831371867244,0.5164227174073933,79.19195,-155.15499,231.76665,155.47735
430.0,Alpha Centauri A b,1.60362205135239,0.07371950754832525,64.77654,-147.71989,330.33634,320.42664
430.0,Dante,0.0007350623789605172,0.014552166845183564,61.99885,-145.21347,153.64224,46.15729
430.0,Hades,0.0009904975012579142,0.016652204562543866,63.60352,-143.32283,92.94636,163.13173
430.0,Pandora,0.00168680560933078,0.0029357825697411658,56.84937,-145.98374,315.78419,66.67292
430.0,Cassandra,0.003955390516731868,0.05200238781873187,121.37374,22.28039,306.41633,117.95836
430.0,Chaos,0.010522900414590787,0.03611311722671203,116.1792,31.2569,39.13233,321.90603
435.0,Alpha Centauri B,23.5732260247191,0.5163653754741541,79.22809,-155.13149,231.58922,165.05092
435.0,Alpha Centauri A b,1.6107682411878999,0.07299070646464281,64.80148,-147.69185,334.29634,173.20976
435.0,Dante,0.0007339439980126759,0.014687474629504014,64.00491,-164.6013,87.68277,296.67121
435.0,Hades,0.0009874801269752385,0.04215305618476717,66.93058,-146.44185,298.64546,265.69365
435.0,Pandora,0.001687064532103593,0.0034653115647224125,53.46627,-151.70632,224.00964,52.82967
435.0,Cassandra,0.003986218036477781,0.060195257732740454,116.66861,30.78278,144.49505,0.26529
435.0,Chaos,0.009950742550152342,0.04948111852240336,117.04277,30.48586,111.34654,174.49882
440.0,Alpha Centauri B,23.60925086811442,0.514863849794075,79.19197,-155.16343,231.769,173.51487
440.0,Alpha Centauri A b,1.6174734107997109,0.08257224137966608,64.79088,-147.67014,333.2968,28.20014
440.0,Dante,0.0007350383109914765,0.008648813916287612,63.53694,-145.69289,278.56521,43.13639
440.0,Hades,0.0009930788991945724,0.005563171081841476,69.42107,-150.69063,322.44411,42.16595
440.0,Pandora,0.001687259708151811,0.006273650624571311,53.79909,-159.5906,133.77823,39.94587
440.0,Cassandra,0.0039949489433851815,0.025397138835247534,114.99729,19.98911,11.57797,211.61756
440.0,Chaos,0.010595737126226286,0.05992544259992886,117.53234,29.99033,181.87009,26.88238
445.0,Alpha Centauri B,23.566586400869294,0.5173806892945645,79.21864,-155.13322,231.64898,181.9712
445.0,Alpha Centauri A b,1.6146553537280859,0.07427721433631947,64.77641,-147.67294,326.78123,234.28832
445.0,Dante,0.0007356821242609608,0.030087894478232218,61.96028,-165.16102,236.19444,349.67638
445.0,Hades,0.000993018558087126,0.012344490288864458,71.2272,-155.70945,303.66146,293.59251
445.0,Pandora,0.0016873736404721014,0.006196756114000121,57.59156,-164.98187,37.14183,32.80337
445.0,Cassandra,0.0040105446857342485,0.06035209598737127,122.17257,25.67372,260.96605,54.20859
445.0,Chaos,0.009941547195073876,0.025448622763584484,117.02236,28.93452,237.46216,248.41953
450.0,Alpha Centauri B,23.61372891042249,0.5144750780677465,79.2093,-155.14536,231.6224,190.42971
450.0,Alpha Centauri A b,1.609316315423819,0.07224858375088038,64.83609,-147.66216,333.35991,93.81942
450.0,Dante,0.0007346340071821753,0.02401503214402239,64.67458,-145.93524,264.25759,337.81476
450.0,Hades,0.0009886686401457646,0.01742700710536433,71.35238,-161.93299,353.34388,216.18515
450.0,Pandora,0.0016873808901855375,0.005619625036079159,63.82286,-166.40498,317.42625,2.65048
450.0,Cassandra,0.004011655350898412,0.05826897568778071,112.19239,26.35962,84.21985,304.89644
450.0,Chaos,0.010575369432420496,0.01574692194288536,116.77819,27.86483,83.07417,324.84228
455.0,Alpha Centauri B,23.55917899203475,0.5173579343807286,79.20642,-155.15519,231.78269,199.19881
455.0,Alpha Centauri A b,1.5986484472175466,0.07703409707118432,64.86708,-147.57334,334.74587,286.27957
455.0,Dante,0.0007363540630724909,0.01476732413376178,63.06262,-165.12929,258.45394,316.21053
455.0,Hades,0.0009865777978933339,0.03862170826819114,67.84477,-166.19791,166.32619,136.54428
455.0,Pandora,0.001687235559285537,0.005577710371553566,69.28444,-164.14152,210.19424,2.03198
455.0,Cassandra,0.00399874457152269,0.025166440191077263,117.93002,18.93376,335.55279,140.11294
455.0,Chaos,0.009930870528602673,0.040247480377105974,115.82398,27.91983,192.74951,142.06175
460.0,Alpha Centauri B,23.61586417271667,0.5154404438847131,79.21218,-155.12708,231.53648,209.40562
460.0,Alpha Centauri A b,1.5951803340777162,0.0817160598160008,64.85087,-147.5145,327.90845,155.81367
460.0,Dante,0.0007341191011623606,0.009005512495203828,63.69035,-145.65906,78.93555,73.81247
460.0,Hades,0.0009908929070398058,0.06010742290394312,61.98276,-165.39372,86.74743,49.04093
460.0,Pandora,0.001687204778143612,0.004586462692870856,72.74365,-158.58455,83.94263,18.53871
460.0,Cassandra,0.003987686763796537,0.06053583707883861,117.48516,29.85805,203.76645,359.31524
460.0,Chaos,0.010599521378530211,0.0647826662225457,114.9654,27.66734,258.54473,354.13344
465.0,Alpha Centauri B,23.556785656303443,0.5160803378086113,79.21051,-155.1684,231.8108,221.00488
465.0,Alpha Centauri A b,1.5949006292973131,0.07041685978469762,64.85467,-147.49073,329.135,0.86222
465.0,Dante,0.0007353090748863753,0.019378411153692945,64.48614,-164.58416,114.76553,27.61341
465.0,Hades,0.000987670210094352,0.0385565573382302,56.91426,-159.66169,358.80536,298.95407
465.0,Pandora,0.0016871724737745689,0.0052686947759954155,73.19148,-152.43074,347.26676,3.9622
465.0,Cassandra,0.003956516843893142,0.05080949175470938,111.34984,22.85156,36.67097,240.56568
465.0,Chaos,0.009979617935101517,0.04081810928773354,114.65402,28.7083,319.249,213.6685
470.0,Alpha Centauri B,23.619385352784043,0.5165295239656104,79.20491,-155.13129,231.57152,236.67148
470.0,Alpha Centauri A b,1.6016359777066198,0.07840225873776813,64.8507,-147.43756,333.60598,202.80712
470.0,Dante,0.0007364174400007652,0.010565773366078939,63.22408,-145.13649,196.49296,43.92462
470.0,Hades,0.000988532886265008,0.039967875463560794,55.2254,-152.56159,245.30557,304.46174
470.0,Pandora,0.0016873189782979552,0.0073734818214325724,69.78744,-146.845,248.85333,352.60995
470.0,Cassandra,0.003941340866673633,0.03516074713781986,121.07993,24.35861,278.82112,91.94939
470.0,Chaos,0.010517238382534202,0.018690526372639796,113.98555,29.75049,56.79791,43.32834
475.0,Alpha Centauri B,23.563575635274585,0.5153668078832913,79.21353,-155.15112,231.68752,259.40371
475.0,Alpha Centauri A b,1.6069347775046612,0.08186226886805335,64.82218,-147.37632,330.45547,68.56421
475.0,Dante,0.0007350128451399665,0.003976143586386356,64.23503,-164.3192,339.00061,0.12337
475.0,Hades,0.0009892457999518673,0.005357732827479929,56.53582,-145.9742,90.90103,295.78245
475.0,Pandora,0.0016870961503308833,0.005964171524438992,64.5614,-143.76132,148.66754,344.33334
475.0,Cassandra,0.0039215943302772045,0.05046474611545182,113.81876,30.65585,149.56636,297.26376
475.0,Chaos,0.010011273734600737,0.020078375599448167,114.40664,30.46143,304.37379,76.961
480.0,Alpha Centauri B,23.644123595705754,0.517315710736571,79.20835,-155.14492,231.64407,300.15611
480.0,Alpha Centauri A b,1.6110732182621166,0.07625187387697531,64.83102,-147.36202,334.997,256.56119
480.0,Dante,0.000735230194067838,0.02823465583839363,63.26352,-145.1783,189.53268,347.88035
480.0,Hades,0.0009922789840708416,0.030295113475556683,60.28949,-143.148,256.13524,297.96084
480.0,Pandora,0.001687158266862376,0.004953877529077427,58.46051,-145.04486,66.08131,317.46607
480.0,Cassandra,0.003908229824196541,0.05312612893327195,116.36341,20.48785,353.84931,176.88843
480.0,Chaos,0.010478460226051318,0.04964360200709005,115.13719,31.47926,344.14119,315.01591
485.0,Alpha Centauri B,23.53442531265543,0.5150854412751896,79.20796,-155.15017,231.61793,13.36007
485.0,Alpha Centauri A b,1.6165170045196013,0.07113045241523629,65.3389,-147.02607,345.10008,111.73824
485.0,Dante,0.0007353032346223566,0.006703182532827211,62.62545,-164.80889,123.76605,325.70594
485.0,Hades,0.0009902273207159043,0.006746056377132761,64.11191,-144.49398,161.76935,3.18538
485.0,Pandora,0.001687549792136916,0.005064817801654114,53.95741,-149.80015,312.68193,326.31093
485.0,Cassandra,0.003909930076355104,0.040201890824463245,121.53251,29.14833,218.989,40.47927
485.0,Chaos,0.01007725632534472,0.038625365659940646,115.89462,31.31505,52.10472,170.96016
490.0,Alpha Centauri B,23.660791919271002,0.5171361450217091,79.20277,-155.13777,231.86258,76.17487
490.0,Alpha Centauri A b,1.613778335194809,0.0797764156444298,65.31831,-146.51339,334.64361,318.55302
490.0,Dante,0.0007351318066579522,0.026109490679208532,64.31607,-145.68586,302.70408,354.89026
490.0,Hades,0.0009978119644122945,0.053545843242301105,67.89275,-148.41865,145.58597,24.28189
490.0,Pandora,0.0016874650812219946,0.004202510071451693,53.37892,-157.40033,199.06779,337.11679
490.0,Cassandra,0.003913022661597224,0.042189752421646506,112.61189,25.28623,97.10535,236.78047
490.0,Chaos,0.01039995404641033,0.031110984191274473,116.91677,30.84815,118.82209,28.95087
495.0,Alpha Centauri B,23.549334486150165,0.5161026017195889,79.2228,-155.15056,231.53022,109.47237
495.0,Alpha Centauri A b,1.6069057161168943,0.07305062581328209,65.25945,-146.49178,334.67335,175.17379
495.0,Dante,0.0007352395348307716,0.023179037150479385,62.25142,-165.10108,19.75056,13.86542
495.0,Hades,0.0009852375651331854,0.04421596646135418,71.0061,-154.73123,346.05689,164.10269
495.0,Pandora,0.0016873410351969835,0.004621809383261902,56.25591,-163.99856,116.42222,313.74747
495.0,Cassandra,0.003923698675190197,0.05575988503803724,120.87768,20.01001,307.2485,116.1657
495.0,Chaos,0.01013344879154805,0.018021947867158238,116.76457,30.46991,74.32287,350.40604
500.0,Alpha Centauri B,23.625406941154562,0.5153730747789916,79.19255,-155.14587,231.87129,128.86231
500.0,Alpha Centauri A b,1.5990446753532988,0.07007362639285894,65.31638,-146.53322,338.69179,23.7825
500.0,Dante,0.000735569875757261,0.020864210312299947,64.28057,-145.95229,83.51237,29.60552
500.0,Hades,0.000988200211123375,0.0406089089665433,71.25395,-161.06721,215.28253,222.85493
500.0,Pandora,0.0016868718054886078,0.005505252995789628,62.00369,-166.31438,23.76658,299.96955
500.0,Cassandra,0.003945558426969735,0.04530658536038499,116.69248,29.50664,157.62658,346.3188
500.0,Chaos,0.010375254070901679,0.03308454664009182,116.4715,29.2507,71.93696,273.54599
505.0,Alpha Centauri B,23.564845878060293,0.5170989068472368,79.2196,-155.14334,231.57743,143.14817
505.0,Alpha Centauri A b,1.5952519606730446,0.07839210579822624,65.40109,-146.52112,341.74469,221.62424
505.0,Dante,0.0007359960871354351,0.010593458687750799,62.73449,-165.20141,179.87359,51.80103
505.0,Hades,0.0009854230533614954,0.045643144359458585,69.13684,-165.46796,127.94334,168.88465
505.0,Pandora,0.001687031321861633,0.003409154085619767,68.02921,-165.13254,294.03002,281.81102
505.0,Cassandra,0.003962895425037444,0.03510793713476454,112.97282,19.90734,47.51424,177.43346
505.0,Chaos,0.010137891721316059,0.03991231530677377,116.15435,29.10497,155.30101,117.29895
510.0,Alpha Centauri B,23.601990739350235,0.5148209251865158,79.21173,-155.14436,231.72168,154.11903
510.0,Alpha Centauri A b,1.5955047200801773,0.07496191749114009,65.43346,-146.46602,333.47184,95.00848
510.0,Dante,0.0007353104911367676,0.006411801417396793,64.47496,-145.70961,265.73528,23.85315
510.0,Hades,0.0009910043388891095,0.043640664384984665,64.86222,-166.20072,49.98999,88.93737
510.0,Pandora,0.0016871136827548221,0.0023399849919865322,71.99742,-160.34986,227.26318,237.76428
510.0,Cassandra,0.003990528551683663,0.06334136608967991,120.93664,25.24035,264.01397,50.69974
510.0,Chaos,0.010328663962883945,0.04174658690446231,115.03839,28.74748,205.60194,346.30144
515.0,Alpha Centauri B,23.577832687781118,0.5170955506767764,79.19928,-155.15336,231.70905,163.68309
515.0,Alpha Centauri A b,1.6039219436747019,0.06907284703991332,65.44542,-146.47028,337.87873,284.78141
515.0,Dante,0.0007344222022637794,0.010250350039577161,63.82378,-164.79918,233.36753,57.98642
515.0,Hades,0.0009976112344769234,0.028623995732147255,60.26224,-163.56892,324.40307,23.28503
515.0,Pandora,0.0016874783478934639,0.0015514387915891304,73.46397,-154.00361,67.54738,288.10556
515.0,Cassandra,0.00400435311989929,0.04600462234353954,111.56997,28.1952,93.49735,297.04445
515.0,Chaos,0.010191311503626961,0.009489666930597666,114.93686,28.87204,201.59839,269.40676
520.0,Alpha Centauri B,23.58814940709753,0.5157015045817962,79.22521,-155.13002,231.60712,172.49644
520.0,Alpha Centauri A b,1.6111683684773679,0.0716692518763986,65.46437,-146.48795,342.01958,143.85732
520.0,Dante,0.0007354368890071068,0.01703425437853611,62.38022,-145.23063,135.55044,329.47298
520.0,Hades,0.0009911837289977804,0.052210801931332006,56.09049,-157.9976,101.02658,307.24972
520.0,Pandora,0.0016872948051453187,0.0013753566336468278,71.03235,-148.29512,275.44209,331.57807
520.0,Cassandra,0.004005973507558741,0.034815741381082246,117.06811,20.39357,8.20543,110.17239
520.0,Chaos,0.010332162276942464,0.012413582313632134,114.3102,29.87794,166.06749,230.60474
525.0,Alpha Centauri B,23.592577125216092,0.5156680159931424,79.19228,-155.16839,231.77145,180.69633
525.0,Alpha Centauri A b,1.6181683064720818,0.07960633359527208,65.478,-146.46287,337.04049,353.70472
525.0,Dante,0.0007358225643203227,0.02474948932086749,66.43018,-163.73147,281.61052,16.53197
525.0,Hades,0.0009942819143432995,0.010538463475710674,54.88875,-150.66307,120.86307,354.82842
525.0,Pandora,0.0016871883575688845,0.0016340835001566472,66.038,-144.20053,255.29707,242.47534
525.0,Cassandra,0.004013849285163991,0.06851981205077398,118.81196,31.09048,209.32091,353.98027
525.0,Chaos,0.010174833195424306,0.03908223775180187,114.14567,30.29189,251.62321,68.89768
530.0,Alpha Centauri B,23.578045812686355,0.5168935021112792,79.21923,-155.12802,231.63048,189.22584
530.0,Alpha Centauri A b,1.6143715081211656,0.06791117735649264,65.48133,-146.44089,334.31621,204.83272
530.0,Dante,0.0007353049555469494,0.02250348311104386,59.65203,-145.8135,230.63709,330.67342
530.0,Hades,0.000987504239553812,0.017286241237326715,56.08121,-145.62828,170.12899,153.44694
530.0,Pandora,0.0016870258993063388,0.0018919356563240634,60.16571,-144.24999,160.87219,228.0045
530.0,Cassandra,0.00399234338906612,0.03968071941803551,112.34799,24.2153,41.60726,238.12362
530.0,Chaos,0.010288612679858268,0.045819061798007175,114.63032,31.12536,292.45944,305.07022
535.0,Alpha Centauri B,23.607664182152288,0.5145971538580911,79.20591,-155.15455,231.64472,198.04601
535.0,Alpha Centauri A b,1.6089497180220824,0.07061269854899106,65.51698,-146.40893,340.82274,59.18133
535.0,Dante,0.0007343764638398326,0.016906819795874318,68.11769,-162.50572,11.52616,32.09011
535.0,Hades,0.0009907754396044806,0.051891417747765844,58.93069,-143.84483,102.11526,39.4968
535.0,Pandora,0.0016870991504099068,0.0019885581644342883,54.83443,-148.23208,159.29047,124.51276
535.0,Cassandra,0.0039804106657527726,0.04181734570980556,122.17635,23.39326,312.97719,58.34574
535.0,Chaos,0.010243292235562553,0.01776599790551095,114.84503,31.60987,10.65942,150.00014
540.0,Alpha Centauri B,23.56525029147615,0.5173217027519172,79.20943,-155.14666,231.75914,207.70996
540.0,Alpha Centauri A b,1.5996980270318821,0.0757375636654866,65.54746,-146.33837,339.88735,255.298
540.0,Dante,0.0007351376420512689,0.02694090049967399,57.65767,-147.30001,12.30569,21.16656
540.0,Hades,0.0009911770801320728,0.05777309397953759,63.8308,-145.19705,358.8814,13.97062
540.0,Pandora,0.0016870497085449253,0.0031469544996313614,53.09244,-155.1688,70.88579,110.33226
540.0,Cassandra,0.003955032613406783,0.05906506469237784,115.54341,29.96209,154.81786,292.12162
540.0,Chaos,0.010267249769179842,0.011610770033984266,115.8107,31.2352,25.65995,60.86905
545.0,Alpha Centauri B,23.620988608326396,0.5152103449256815,79.20886,-155.13261,231.51375,219.48168
545.0,Alpha Centauri A b,1.596954165823375,0.07468689759466729,65.51798,-146.26959,333.22257,127.78774
545.0,Dante,0.0007352127645897483,0.022993051970523072,68.70797,-162.54729,81.28681,34.9504
545.0,Hades,0.0009882620367513972,0.04635307480073015,68.36801,-149.21464,266.28992,277.77038
545.0,Pandora,0.0016871559790959435,0.0023159730169108636,55.22692,-162.5666,17.96224,57.36717
545.0,Cassandra,0.003933413536269927,0.04253291821272252,115.88214,19.17441,0.09717,172.66247
545.0,Chaos,0.010277051046744522,0.03741323678367873,116.55391,31.36752,348.30814,15.88054
550.0,Alpha Centauri B,23.547586268051987,0.5164261959714669,79.21419,-155.1629,231.85575,233.92519
550.0,Alpha Centauri A b,1.5965987082222741,0.06854319043239733,65.51379,-146.25763,338.27633,321.18574
550.0,Dante,0.0007359361755894042,0.027900202961387573,57.36281,-147.92694,115.25021,11.90957
550.0,Hades,0.0009869658346506284,0.04092704178857691,71.59718,-155.31695,118.15683,115.00872
550.0,Pandora,0.0016870153623494957,0.003035528434604939,60.21262,-166.1112,281.30131,49.07048
550.0,Cassandra,0.00392052777318856,0.0396670402926855,121.41846,26.99845,249.23679,8.97762
550.0,Chaos,0.01019459119679918,0.037157969278918096,116.47648,30.5021,31.50534,252.43797
555.0,Alpha Centauri B,23.63968072878632,0.5165298152623049,79.20125,-155.13495,231.50392,255.69004
555.0,Alpha Centauri A b,1.6017296505906014,0.07781978931839419,65.52425,-146.22027,339.79991,175.26682
555.0,Dante,0.0007347792281559211,0.023562100797215147,69.65774,-162.02652,152.80588,4.88344
555.0,Hades,0.0010004281205453994,0.014388854693260433,72.0789,-161.22758,238.29901,344.81256
555.0,Pandora,0.0016874374952951178,0.0027822530554513303,66.53486,-165.74597,141.71796,80.45042
555.0,Cassandra,0.003908986974604001,0.05340424572235661,111.54579,25.16118,106.82102,229.33605
555.0,Chaos,0.01035385730402558,0.030072118081510342,116.71875,29.81264,116.74917,93.19098
560.0,Alpha Centauri B,23.52471610715572,0.5150508530763347,79.21776,-155.14868,231.79185,292.5412
560.0,Alpha Centauri A b,1.6077183211583568,0.08080662486318874,65.53065,-146.18414,338.33478,30.30005
560.0,Dante,0.0007364617288738056,0.02285858700920799,57.08983,-148.67116,131.71661,327.23141
560.0,Hades,0.0009870415389525956,0.039827465442483445,69.25234,-165.10394,310.06607,259.71984
560.0,Pandora,0.0016876862823595913,0.00321181791713765,71.18039,-161.99516,49.23401,62.714
560.0,Cassandra,0.003907665066443565,0.04895731756581823,118.80587,19.75636,311.90721,112.73914
560.0,Chaos,0.01013273345892775,0.017899559580593766,115.78953,29.54642,120.16752,11.34655
565.0,Alpha Centauri B,23.67429071987381,0.5178788715720565,79.2068,-155.14814,231.6609,2.03494
565.0,Alpha Centauri A b,1.617730930346708,0.06519675049043942,65.98609,-146.016,338.95182,229.04779
565.0,Dante,0.000735150144216057,0.005088127322720958,70.68551,-160.38575,331.6691,60.37537
565.0,Hades,0.0009882476089977327,0.04825981613026384,64.03005,-165.40679,157.24558,91.61599
565.0,Pandora,0.001687509023202723,0.005727750166972058,73.34372,-155.69387,316.52571,45.76189
565.0,Cassandra,0.003914928378458466,0.03774020578220813,116.24934,30.45024,188.51842,316.96485
565.0,Chaos,0.010419935859595502,0.03499765249180538,115.29698,28.76641,71.6045,337.71286
570.0,Alpha Centauri B,23.5373635891788,0.5151291515957178,79.21112,-155.14809,231.62548,69.8815
570.0,Alpha Centauri A b,1.6151285299275644,0.06817411272602271,66.05894,-145.43884,346.49011,84.03718
570.0,Dante,0.0007351866388081422,0.004204838407532115,56.64589,-148.93088,125.68452,335.4976
570.0,Hades,0.0009922026246365141,0.05343721560278915,58.96732,-162.1956,61.14962,25.84119
570.0,Pandora,0.0016870338503613947,0.005490952876756203,72.11979,-149.73049,211.94217,41.66707
570.0,Cassandra,0.003925830973557884,0.049152693099513346,112.052,21.98289,59.05426,168.91237
570.0,Chaos,0.01005482572986669,0.04009300485851813,114.69595,29.24715,142.14356,191.6337
575.0,Alpha Centauri B,23.63360280673242,0.5168412351453796,79.20085,-155.14285,231.79586,105.68102
575.0,Alpha Centauri A b,1.6121181115212149,0.07510318427253926,66.03825,-145.40879,341.42341,283.25216
575.0,Dante,0.0007357087108368947,0.02934851952305077,70.11427,-160.72666,312.4522,346.17969
575.0,Hades,0.0009916354029258197,0.054156302325488265,55.06944,-156.09253,303.01567,12.5419
575.0,Pandora,0.0016867840013494314,0.004437198779702962,67.49793,-145.08553,128.72559,12.84711
575.0,Cassandra,0.0039490327521364,0.05643901529470436,121.40392,26.08674,267.72929,49.28529
575.0,Chaos,0.010511829617689691,0.05110608766300427,113.66312,29.77097,214.0659,45.80969
580.0,Alpha Centauri B,23.553989973044693,0.5159794685161034,79.22579,-155.14637,231.55786,126.87144
580.0,Alpha Centauri A b,1.606743811132161,0.06818489334052728,66.073,-145.40597,342.30079,145.73075
580.0,Dante,0.000734290929277077,0.013423459167912946,57.06856,-147.57894,58.97152,58.08538
580.0,Hades,0.0009915400767101577,0.051518962592078034,54.52935,-148.79128,185.14196,44.25444
580.0,Pandora,0.001687030557917204,0.004967694719678691,61.82558,-143.70197,19.31011,14.63988
580.0,Cassandra,0.003971996819354536,0.03397753490801226,113.18707,29.7587,120.21417,272.25863
580.0,Chaos,0.009978166110646992,0.020905462579202557,113.58593,30.56245,261.93032,274.92985
585.0,Alpha Centauri B,23.62511109929014,0.5155486314644876,79.18746,-155.15107,231.85979,141.13295
585.0,Alpha Centauri A b,1.5976414521332074,0.06727348949059088,66.1203,-145.41195,348.23012,343.45408
585.0,Dante,0.0007339889760944556,0.008439545945598806,69.26094,-161.2741,123.66496,81.26028
585.0,Hades,0.0009909741147144768,0.03770778104517383,56.86854,-144.72801,85.87599,336.67538
585.0,Pandora,0.0016872721481367807,0.0047584694393246925,56.09909,-146.84111,255.23793,32.68598
585.0,Cassandra,0.003985722891519362,0.04757502229393744,117.77869,20.27315,17.94474,104.17307
585.0,Chaos,0.01053748614837433,0.019231559569689003,113.57061,31.84641,131.26652,327.53568
590.0,Alpha Centauri B,23.56027718349639,0.517037514747982,79.22447,-155.13915,231.56605,152.84116
590.0,Alpha Centauri A b,1.5946250942501305,0.07755765037255656,66.20415,-145.40188,346.22843,195.32739
590.0,Dante,0.0007346047448905449,0.0240489881336671,56.34949,-148.49128,90.74185,0.00424
590.0,Hades,0.0009870193914979183,0.04547040739138786,61.71664,-144.33037,294.19656,132.94803
590.0,Pandora,0.0016874798936512016,0.0054258683282373136,53.06604,-153.08796,165.27145,17.25122
590.0,Cassandra,0.0040110168627483815,0.06616106134043723,120.64441,29.91546,212.42546,349.98939
590.0,Chaos,0.009960168316285954,0.0398038346069382,113.90428,32.1233,230.31885,154.80508
595.0,Alpha Centauri B,23.614379292492906,0.5144858339214606,79.20357,-155.14962,231.75943,162.36633
595.0,Alpha Centauri A b,1.5954666503378763,0.06851491555562543,66.2255,-145.34937,340.08638,60.87362
595.0,Dante,0.0007340586871032235,0.010837149996407591,70.16201,-160.41406,89.08469,283.11319
595.0,Hades,0.0009908420018198013,0.03957499376704976,66.26587,-147.3831,200.42938,94.05143
595.0,Pandora,0.0016873622792100379,0.007498107206240991,54.36324,-160.70616,76.77358,2.51823
595.0,Cassandra,0.004008096656174541,0.025934284380027917,112.64833,23.49128,63.37314,220.28473
595.0,Chaos,0.010600536956528165,0.06594887189851655,115.26635,32.53766,293.27431,11.17708
600.0,Alpha Centauri B,23.565679131604288,0.5174908799213161,79.2066,-155.14881,231.67657,171.24711
600.0,Alpha Centauri A b,1.6048276958261714,0.06617566525621289,66.21166,-145.36522,345.96465,251.35966
600.0,Dante,0.0007350571526889833,0.026952807327719014,55.45911,-150.63967,190.07493,13.52525
600.0,Hades,0.000987345690647177,0.03808912572687523,70.31145,-151.90223,72.9008,149.62956
600.0,Pandora,0.0016871594824150401,0.006326887002480009,58.60843,-165.68053,341.79673,353.37954
600.0,Cassandra,0.004010203377045314,0.05597467309281258,121.42784,21.10451,327.26868,44.49772
600.0,Chaos,0.009927978769006425,0.04002155972115742,115.78176,32.54677,359.04148,224.17484
605.0,Alpha Centauri B,23.60314646294254,0.5150198919469551,79.22055,-155.13134,231.61597,179.68925
605.0,Alpha Centauri A b,1.611483480858035,0.07113449642189869,66.23886,-145.40138,348.77638,114.10521
605.0,Dante,0.000735015031391992,0.004007545092784591,71.31176,-158.7639,48.39622,4.67577
605.0,Hades,0.0009853061959199435,0.04545639880407639,72.5983,-157.05965,294.10966,215.45115
605.0,Pandora,0.0016871309447582025,0.004866633719429896,64.80254,-166.14262,256.38262,331.31261
605.0,Cassandra,0.0039942575107620795,0.05983633126890216,115.13901,29.2046,155.79635,293.6825
605.0,Chaos,0.010551181817030058,0.015538873007849643,116.68415,31.40558,95.77195,51.7032
610.0,Alpha Centauri B,23.57378917752228,0.5165619948076189,79.19631,-155.16861,231.77781,187.89969
610.0,Alpha Centauri A b,1.6167654190561227,0.07434245019458988,66.27149,-145.37427,341.2798,319.5896
610.0,Dante,0.000735630566204965,0.02918200238707663,55.21467,-152.43436,280.50611,4.01507
610.0,Hades,0.0009879747431110833,0.05311095957311727,72.23772,-161.94377,164.50949,271.43568
610.0,Pandora,0.0016872638758298694,0.005049019735688226,70.24544,-163.3693,139.63658,337.95939
610.0,Cassandra,0.00397278957143829,0.028681925815941978,113.86001,19.31825,24.691,151.30363
610.0,Chaos,0.009980143096942997,0.023147519293052386,116.7777,31.07842,321.16956,110.24792
615.0,Alpha Centauri B,23.593851136832214,0.5162723546443813,79.21754,-155.12475,231.59905,196.81497
615.0,Alpha Centauri A b,1.6133653565099872,0.06395038596906888,66.27231,-145.30392,343.52188,174.21935
615.0,Dante,0.0007365960617501258,0.027046571631349655,72.21092,-156.00807,336.91456,13.29006
615.0,Hades,0.0009875442883241186,0.03750610143310012,68.34644,-164.92224,105.13711,152.67782
615.0,Pandora,0.0016872252933107718,0.004820094133048782,72.98727,-157.52415,16.4908,352.10403
615.0,Cassandra,0.0039564015254713,0.05272359826437983,120.40428,27.12491,268.66682,351.73618
615.0,Chaos,0.010558893956643438,0.056999969777165635,115.97064,29.68156,10.20552,337.53724
620.0,Alpha Centauri B,23.589611243181192,0.5151330690607399,79.20545,-155.16313,231.69917,206.32857
620.0,Alpha Centauri A b,1.6079387435717254,0.06948997464966321,66.25594,-145.26773,347.28645,23.32939
620.0,Dante,0.0007356654560938298,0.023593327765224457,55.00304,-156.26736,31.89219,24.81791
620.0,Hades,0.00099272437215223,0.020498885574477314,62.54392,-164.23133,38.51256,31.19939
620.0,Pandora,0.0016869113929462744,0.004919687891369214,72.8526,-151.16575,289.154,330.13917
620.0,Cassandra,0.0039315520946776455,0.054007173073816306,111.09462,27.19793,109.52577,230.30699
620.0,Chaos,0.009985897550630306,0.047056984472177564,115.55289,29.10855,76.24895,194.22612
625.0,Alpha Centauri B,23.582243907453808,0.5170051017090287,79.20955,-155.13967,231.70431,217.53892
625.0,Alpha Centauri A b,1.6008190424496078,0.07377421763611637,66.26953,-145.22647,344.56498,227.10998
625.0,Dante,0.000734790243032394,0.017893740542954357,71.57137,-152.05364,73.49766,33.63681
625.0,Hades,0.0009915217870261278,0.009746225496067065,57.04048,-159.97936,276.83892,18.09482
625.0,Pandora,0.0016870852648772955,0.006129155774790792,68.98847,-146.20631,191.74018,316.38778
625.0,Cassandra,0.003915668685487,0.037978025176794376,118.46494,21.00351,330.79792,97.99637
625.0,Chaos,0.010500945829829446,0.03496105938218663,114.43155,29.38292,152.32442,45.16767
630.0,Alpha Centauri B,23.611286487937427,0.5152461167103887,79.20745,-155.13992,231.53816,231.89307
630.0,Alpha Centauri A b,1.5976019812510076,0.06834306344541695,66.27275,-145.17032,339.86513,96.39778
630.0,Dante,0.0007369292725655139,0.028989701186941552,56.11128,-160.56277,58.24773,359.76378
630.0,Hades,0.0009961401757561832,0.062154618596225564,54.06748,-151.98579,58.42855,336.88611
630.0,Pandora,0.001687708620108815,0.004333731996036098,63.35975,-143.58098,90.32029,309.38437
630.0,Cassandra,0.003909933349402535,0.04476829769362798,117.81507,31.69488,214.44647,293.11676
630.0,Chaos,0.010042265713408343,0.011486924561382145,113.71049,29.61868,96.34232,19.78334
635.0,Alpha Centauri B,23.563523719637175,0.516517040329869,79.21519,-155.15467,231.81816,251.76493
635.0,Alpha Centauri A b,1.5965696553476776,0.0695506300379813,66.25033,-145.12865,347.65509,283.21632
635.0,Dante,0.0007361663270153371,0.008213029086576586,68.52576,-147.5996,336.59228,315.10803
635.0,Hades,0.0009857419741667757,0.04803121166557246,56.55737,-144.98745,329.82138,261.50539
635.0,Pandora,0.0016877644715266049,0.0030198129901176664,57.57597,-145.5811,12.43917,281.09959
635.0,Cassandra,0.003908978935087371,0.053453566627776485,113.11995,22.75997,64.00341,168.62073
635.0,Chaos,0.010453959424889398,0.03736679338114994,113.56746,30.90999,99.86939,296.36121
640.0,Alpha Centauri B,23.637129503442186,0.5166349933800175,79.1997,-155.14216,231.51673,286.04932
640.0,Alpha Centauri A b,1.6019772782499486,0.07618432700843725,66.26706,-145.13106,345.4984,147.87573
640.0,Dante,0.0007343821548508716,0.002527724149205353,59.54807,-164.07813,23.28243,284.11794
640.0,Hades,0.0009880525827162775,0.04728260303475387,62.01263,-144.1257,170.8777,60.86358
640.0,Pandora,0.001687406679538208,0.003159373141275891,53.44262,-151.24239,245.54961,301.59114
640.0,Cassandra,0.003916136254986601,0.04551884250373811,122.63621,24.62766,277.03662,40.74296
640.0,Chaos,0.010065274598930895,0.04209017269421245,113.1131,31.86743,171.886,150.39839
645.0,Alpha Centauri B,23.564926946540485,0.5157061676596961,79.21552,-155.14038,231.76382,350.59852
645.0,Alpha Centauri A b,1.6035853352796319,0.0671121857532281,66.71788,-144.99649,355.18449,339.80279
645.0,Dante,0.000733918130443751,0.0008839413247578004,65.1062,-145.98282,186.26292,155.03884
645.0,Hades,0.0009887122745806695,0.048280330025956615,67.197,-147.85358,64.32602,58.73879
645.0,Pandora,0.0016869939062289071,0.0026019056701439905,53.6428,-158.64381,127.06545,317.60194
645.0,Cassandra,0.003928943989317036,0.03658835865163463,114.46399,28.93852,158.03152,237.54383
645.0,Chaos,0.010442954230215601,0.045344918477126066,114.0045,32.18733,234.23619,10.13783
650.0,Alpha Centauri B,23.60201160036869,0.5166486361738809,79.21129,-155.15224,231.63374,62.66102
650.0,Alpha Centauri A b,1.6101467924531778,0.06346173599313044,66.87332,-144.39302,352.56601,192.09413
650.0,Dante,0.0007350451280512286,0.026846013835704178,64.12936,-165.0011,201.69954,14.78549
650.0,Hades,0.0009939909698811638,0.05854469427374516,71.01949,-154.88615,334.66598,343.72291
650.0,Pandora,0.0016868875046773457,0.0028483685157171053,57.27569,-164.80301,75.49237,264.84265
650.0,Cassandra,0.003946406498755958,0.0555375336483086,116.94311,18.61335,18.62724,106.2847
650.0,Chaos,0.01010513875450439,0.013549403410784174,114.57104,32.82229,242.28293,279.17241
655.0,Alpha Centauri B,23.584362313695458,0.5154529733515704,79.20748,-155.14489,231.75011,101.93767
655.0,Alpha Centauri A b,1.6157230059003018,0.07283672097720818,66.81769,-144.39078,352.75992,49.92319
655.0,Dante,0.0007353911724396474,0.005942705683447475,60.06383,-146.41291,91.92255,331.95267
655.0,Hades,0.0009872416070887996,0.025059791963770003,71.05019,-162.13668,254.15764,251.19834
655.0,Pandora,0.0016870728184414485,0.0028852986872054745,63.0081,-166.4182,341.52869,250.60582
655.0,Cassandra,0.0039776271604833125,0.054379001931420104,120.24276,28.19064,219.02565,344.44911
655.0,Chaos,0.01038612147184076,0.019844090442676158,114.98451,32.18504,188.02414,256.76178
660.0,Alpha Centauri B,23.59771770042417,0.5168473894157999,79.2044,-155.14619,231.68334,124.32196
660.0,Alpha Centauri A b,1.6121756453763347,0.06989353098054066,66.87382,-144.4229,347.37006,252.09421
660.0,Dante,0.0007360203282024104,0.02688425286821554,69.37861,-162.3863,289.08867,21.43617
660.0,Hades,0.0009914281864986402,0.011370719056946864,67.02209,-166.49779,327.2598,15.21307
660.0,Pandora,0.0016872183205768943,0.0010378748083395045,69.04991,-164.37306,318.81279,165.05921
660.0,Cassandra,0.003987626144234485,0.027421393881032305,111.20406,23.80307,109.57435,178.73266
660.0,Chaos,0.010098260984943467,0.04007284541622585,115.93659,32.19784,267.93495,102.32993
665.0,Alpha Centauri B,23.571677407517914,0.5156052775132951,79.225,-155.1428,231.62536,139.57495
665.0,Alpha Centauri A b,1.605866126810647,0.06489296445245375,66.9506,-144.3723,350.73774,114.00255
665.0,Dante,0.000734732711545091,0.024819885888798143,56.43813,-149.39975,295.97708,4.4878
665.0,Hades,0.0009973271444218524,0.05638256380747692,61.19446,-165.31823,1.12744,13.91495
665.0,Pandora,0.0016873573134501408,0.001892728850458009,72.52351,-159.34516,243.59398,131.91752
665.0,Cassandra,0.004006777952963646,0.06475724300500481,119.63039,21.10514,331.76374,42.41596
665.0,Chaos,0.010408361520996669,0.05187931875983125,115.53737,31.64134,317.24476,329.99357
670.0,Alpha Centauri B,23.60820967081357,0.5160845329349352,79.18748,-155.15556,231.79859,151.14619
670.0,Alpha Centauri A b,1.596118098631455,0.06658164074490071,66.97407,-144.33512,357.06834,305.01878
670.0,Dante,0.0007349609377917347,0.024511050628921435,71.66715,-158.44392,328.30891,2.59499
670.0,Hades,0.0009877146990461038,0.03292610762866873,56.69342,-159.50792,172.10289,208.74977
670.0,Pandora,0.001687232715479394,0.0007396429409256119,73.1805,-152.73566,217.69545,45.8494
670.0,Cassandra,0.0040117707372996116,0.05150527178572968,114.86464,30.71506,159.04314,294.12265
670.0,Chaos,0.010136864630543474,0.022224661640948173,115.57892,30.66796,11.10233,196.81362
675.0,Alpha Centauri B,23.566415389804447,0.5166897491020884,79.22714,-155.13443,231.57934,161.26031
675.0,Alpha Centauri A b,1.5941877318965056,0.07520511986587412,67.00222,-144.33882,350.49007,169.614
675.0,Dante,0.0007359500488723558,0.028505568372717102,54.82834,-153.33458,343.88372,343.12438
675.0,Hades,0.0009920312675195573,0.035785149907647966,55.72929,-150.68194,139.217,345.51671
675.0,Pandora,0.001687171337373962,0.0015032211842312788,70.39507,-147.37943,111.40318,43.70131
675.0,Cassandra,0.004004726036145674,0.029706178157305533,113.36337,21.23084,70.74302,109.79646
675.0,Chaos,0.010368573861988849,0.00356284212913824,114.99744,30.56088,101.68586,32.41858
680.0,Alpha Centauri B,23.614002204820622,0.5146259591695296,79.19656,-155.1573,231.77232,169.96271
680.0,Alpha Centauri A b,1.5960638454918572,0.06330144974799819,67.04886,-144.32582,348.54037,22.87688
680.0,Dante,0.0007351445799514012,0.00667712253393567,71.76014,-153.04939,136.79697,42.14471
680.0,Hades,0.0009867399705840675,0.046942843323605585,59.22773,-143.70376,341.37079,114.28882
680.0,Pandora,0.0016872554586540485,0.0018989706361081122,64.87438,-143.94683,285.822,120.14822
680.0,Cassandra,0.003996979588242488,0.06561371029966515,121.33677,27.83229,275.76553,347.67305
680.0,Chaos,0.010136785651439132,0.032804081710188435,114.11726,30.20089,3.66223,51.42236
685.0,Alpha Centauri B,23.56383841224287,0.5175111577830749,79.21225,-155.14268,231.66069,178.48873
685.0,Alpha Centauri A b,1.6053564210283913,0.06487515166095653,67.05211,-144.31569,354.04415,220.10911
685.0,Dante,0.0007352229126135778,0.018568838875874173,55.73665,-160.12426,17.40393,331.41474
685.0,Hades,0.0009910306670434525,0.04587928248514663,65.31037,-143.48451,159.21655,299.12314
685.0,Pandora,0.001687239997290069,0.002281187303028884,59.05631,-144.51993,195.15156,104.36621
685.0,Cassandra,0.003970523766071195,0.044420640097501865,112.739,28.42228,111.70869,232.31995
685.0,Chaos,0.010343281008620768,0.046184453759615954,113.98842,30.52092,40.88858,292.27765
690.0,Alpha Centauri B,23.613036598913247,0.5145309575127275,79.21489,-155.13613,231.6199,186.87481
690.0,Alpha Centauri A b,1.6112587155904425,0.0704848015542194,67.07071,-144.33536,354.43954,83.3076
690.0,Dante,0.0007352423917995116,0.02560288167646794,68.19195,-147.40398,76.35477,1.34962
690.0,Hades,0.0009976875510472282,0.04032079373110789,69.80524,-149.77373,149.33229,51.68923
690.0,Pandora,0.0016870579138676762,0.0047654415790034125,54.25634,-149.54756,126.92993,65.54905
690.0,Cassandra,0.003954007830760945,0.0376687668619729,119.26115,20.28759,7.91269,64.35347
690.0,Chaos,0.010208904061361667,0.02734033697637063,113.37465,31.63443,120.3241,138.07364
695.0,Alpha Centauri B,23.561999022271213,0.5171667799307775,79.20173,-155.16436,231.78344,195.38057
695.0,Alpha Centauri A b,1.6155314407635157,0.0685143429974681,67.09738,-144.29276,346.68318,286.527
695.0,Dante,0.0007352031650238841,0.026118322913701454,61.50376,-164.83149,124.18325,13.11106
695.0,Hades,0.0009881866178113026,0.01197288488171961,70.03374,-158.46708,287.84399,87.31751
695.0,Pandora,0.0016870227742792605,0.005127652394641778,53.10789,-156.61442,31.95161,57.98267
695.0,Cassandra,0.003930498298721753,0.05499961041414399,119.32142,30.36362,223.86043,285.57668
695.0,Chaos,0.010278385789439534,0.02082069962375996,113.28347,31.77779,159.33375,23.56749
700.0,Alpha Centauri B,23.6098605674513,0.5156829479815114,79.21424,-155.12404,231.55688,205.05224
700.0,Alpha Centauri A b,1.613373777894754,0.06210465419339995,67.08984,-144.20764,353.62828,142.20548
700.0,Dante,0.000735532737396147,0.027236911669823716,61.402,-145.90676,160.04324,23.03476
700.0,Hades,0.000991314834316859,0.05139635783019474,65.94674,-165.6114,183.03181,356.81081
700.0,Pandora,0.0016870533723243439,0.003913588171003696,56.10091,-163.45089,314.04192,31.59384
700.0,Cassandra,0.00391558997827985,0.04788304559885365,112.97826,21.83161,68.89799,168.49786
700.0,Chaos,0.010276050145867494,0.029286949292433948,113.81972,32.65656,105.58751,353.88888
705.0,Alpha Centauri B,23.56635834053957,0.515822374052637,79.20805,-155.16781,231.77718,215.77086
705.0,Alpha Centauri A b,1.608552178129951,0.06901191900674594,67.06088,-144.16712,352.90483,347.4048
705.0,Dante,0.0007343630499866327,0.00585426899082968,68.23857,-163.25035,241.62618,77.13681
705.0,Hades,0.000998549561158295,0.028075804130510154,59.57372,-167.08179,191.96922,57.47459
705.0,Pandora,0.0016877376270633803,0.004759204147654838,61.33891,-166.49792,211.30103,27.11501
705.0,Cassandra,0.003909952246340178,0.03851746142165443,121.67376,22.43401,301.21252,17.56568
705.0,Chaos,0.010204701792980275,0.03270973244160815,113.86694,32.73085,145.47686,236.07547
710.0,Alpha Centauri B,23.60623067474232,0.5166613183940961,79.20725,-155.13546,231.62239,229.5735
710.0,Alpha Centauri A b,1.6019074228059214,0.07061893662827953,67.0548,-144.14998,349.52169,200.04022
710.0,Dante,0.0007343187025657147,0.012473901605551781,56.34355,-149.75536,133.22625,294.41678
710.0,Hades,0.0009901450454547483,0.04852019203166072,55.3124,-160.72449,310.82084,36.27111
710.0,Pandora,0.0016876437388308263,0.004860373886394326,67.56277,-165.14284,86.69083,43.46979
710.0,Cassandra,0.003908190616813122,0.047849588401050955,113.68666,28.71597,176.17498,224.41088
710.0,Chaos,0.010343231468385339,0.036759853666226985,114.99676,32.459,231.11218,76.20441
715.0,Alpha Centauri B,23.581739493452204,0.5153657288365653,79.20904,-155.14692,231.63224,248.58131
715.0,Alpha Centauri A b,1.5965917077407665,0.06346204945369315,67.09184,-144.09544,347.43439,61.59451
715.0,Dante,0.0007359268996097125,0.029382137202896497,71.96924,-157.26286,212.67456,355.71939
715.0,Hades,0.0009916768118631368,0.01751432961863512,56.75861,-151.32599,286.94478,121.7783
715.0,Pandora,0.00168728776500601,0.005064191878057145,71.94908,-160.96133,351.12152,30.59012
715.0,Cassandra,0.003914909096911982,0.053867511749405156,114.96016,19.03838,19.96587,108.62703
715.0,Chaos,0.010110652513175535,0.023346145030487455,115.31812,32.68569,256.81482,329.01992
720.0,Alpha Centauri B,23.610477079752044,0.5168520285320514,79.2128,-155.14769,231.70202,279.73136
720.0,Alpha Centauri A b,1.5936448902170086,0.07385928883098873,67.10478,-144.04043,358.21552,246.40051
720.0,Dante,0.0007346514871376805,0.018741398168174786,54.97697,-156.66335,291.18101,45.31484
720.0,Hades,0.0009903236541054055,0.05383707002269393,62.5376,-145.15967,78.0855,36.51081
720.0,Pandora,0.0016869384015906867,0.006983689829414538,73.22019,-154.51189,256.98387,12.92192
720.0,Cassandra,0.003932278618126494,0.03962610463275698,119.6135,28.83781,240.35565,327.59034
720.0,Chaos,0.010452540644110534,0.02495728530821679,115.47774,31.77334,174.81621,330.2859
725.0,Alpha Centauri B,23.57393951778843,0.5157774574367365,79.20314,-155.15023,231.61503,339.65051
725.0,Alpha Centauri A b,1.592999996351355,0.07869458435270471,67.42818,-144.00646,352.26702,117.58872
725.0,Dante,0.000734381473785911,0.00571022280565788,70.97261,-150.34336,201.47556,274.08394
725.0,Hades,0.0009991308689059506,0.019081539149504837,69.51374,-145.45367,190.6657,321.86884
725.0,Pandora,0.0016871296498863562,0.006356961697596979,71.54568,-148.59162,154.39205,6.61878
725.0,Cassandra,0.003948613600149427,0.04252039538534179,110.97478,26.02858,130.02675,163.28755
725.0,Chaos,0.010051200141801218,0.034339438285454195,115.67534,31.32496,254.14313,175.94483
730.0,Alpha Centauri B,23.651984969829517,0.5171052969343019,79.20604,-155.13648,231.83635,54.50981
730.0,Alpha Centauri A b,1.6093506131354847,0.061432251618953715,67.78645,-143.43406,351.68493,313.64645
730.0,Dante,0.0007358691438053408,0.02428782618135083,58.18445,-162.90044,272.48684,335.72011
730.0,Hades,0.0009905608434123065,0.05167005315893423,72.72795,-150.99331,230.44524,326.96848
730.0,Pandora,0.0016871207323113746,0.004733033089778707,66.48267,-144.63289,66.33444,345.50407
730.0,Cassandra,0.003972431314767083,0.06158055251000415,119.83507,22.07173,334.07678,45.07656
730.0,Chaos,0.010503036863520698,0.05600632212820546,114.81132,30.63424,322.55378,30.63756
735.0,Alpha Centauri B,23.556190765887504,0.5161644296624777,79.21849,-155.1523,231.54414,98.04417
735.0,Alpha Centauri A b,1.6145684463198144,0.06064650965347813,67.74816,-143.37495,0.98792,161.51978
735.0,Dante,0.0007347218483216749,0.024283300788808544,65.85857,-145.76975,339.0071,15.67214
735.0,Hades,0.0009856572200475204,0.03378052387269847,70.48044,-158.5261,52.68763,198.53985
735.0,Pandora,0.0016874686545078816,0.005406362824219268,60.5147,-143.83167,310.86287,351.55735
735.0,Cassandra,0.003994125729961618,0.037620332175696145,116.59359,31.73681,174.7133,282.69785
735.0,Chaos,0.009971910335179137,0.032394065025277606,114.01187,29.93891,16.45933,253.43078
740.0,Alpha Centauri B,23.618673550011295,0.5154071046389173,79.19953,-155.14494,231.85605,121.59887
740.0,Alpha Centauri A b,1.618395173489155,0.07396567493568526,67.77146,-143.40886,358.80277,13.98882
740.0,Dante,0.0007344848364992342,0.013731031478884655,64.19681,-164.51214,60.7163,59.44617
740.0,Hades,0.0009886001212345958,0.030405555294762774,64.04269,-163.89461,14.61014,294.52923
740.0,Pandora,0.0016872676227582728,0.005579700377055769,55.37392,-147.87314,192.65264,4.625
740.0,Cassandra,0.004003528542102421,0.043582425688669754,114.32217,21.47451,87.6543,98.88577
740.0,Chaos,0.010544904546322797,0.012982872621721106,113.30677,30.78299,174.92734,19.20173
745.0,Alpha Centauri B,23.572589100644244,0.5170323547053931,79.21032,-155.14642,231.60378,137.73893
745.0,Alpha Centauri A b,1.6128599848597953,0.0647725822407852,67.8329,-143.42589,353.74459,222.69862
745.0,Dante,0.000735050361970974,0.008677460111381515,59.23782,-146.19459,291.74,301.05525
745.0,Hades,0.000985414684300833,0.044542145529435896,56.48927,-164.12677,214.32031,147.30975
745.0,Pandora,0.0016871734737132842,0.0056395588183577325,52.9069,-154.69572,112.27261,341.61518
745.0,Cassandra,0.004016201974980369,0.06861241586499454,122.57175,26.09089,277.83683,347.94196
745.0,Chaos,0.00997775624232127,0.025675118284567096,112.30502,31.48223,342.0201,138.38199
750.0,Alpha Centauri B,23.59340671885463,0.5150448571417758,79.2204,-155.14152,231.69813,149.7467
750.0,Alpha Centauri A b,1.6060522897889262,0.06297270429552687,67.90768,-143.36335,359.88225,79.37313
750.0,Dante,0.0007366763265688666,0.024275563317644952,69.60324,-161.33769,24.12327,334.80271
750.0,Hades,0.0009898557818595944,0.013612148281799826,52.588,-158.23799,6.80781,24.15287
750.0,Pandora,0.001687400801884186,0.006905253489298708,54.99211,-161.78881,22.10105,326.23437
750.0,Cassandra,0.004001642342793109,0.031220005053307704,113.39859,27.52239,124.28392,224.95011
750.0,Chaos,0.010573402569771628,0.06218788566380744,112.59312,32.45529,38.58171,359.12412
755.0,Alpha Centauri B,23.58711076390718,0.5167580726650586,79.19167,-155.15731,231.73506,159.8044
755.0,Alpha Centauri A b,1.5967311230850356,0.06738158163552252,67.92832,-143.29489,3.81758,271.04641
755.0,Dante,0.000735967511522542,0.008426363106582058,55.27142,-151.35273,200.25724,46.57651
755.0,Hades,0.0009974523805584246,0.0386196622899322,55.16248,-150.94118,270.14718,329.97259
755.0,Pandora,0.0016874982651824033,0.004853138645716549,59.83649,-166.24757,283.33074,320.23144
755.0,Cassandra,0.003996483709648937,0.05041418298289585,118.24583,18.60988,30.43312,45.43256
755.0,Chaos,0.009971647638095398,0.043081146974523775,112.47661,33.71574,105.9749,212.64461
760.0,Alpha Centauri B,23.57969468537159,0.5160857530988893,79.22736,-155.13033,231.5988,168.93326
760.0,Alpha Centauri A b,1.5947898512196523,0.07099568489074487,67.92661,-143.32916,355.10762,142.92755
760.0,Dante,0.0007343629990685274,0.011189677037353398,71.77365,-156.9182,192.50471,48.76561
760.0,Hades,0.0009926233840415386,0.03602942265154729,61.52524,-146.99365,271.20635,25.5647
760.0,Pandora,0.001687114480757131,0.0033576289565008925,65.90565,-165.83214,199.95547,296.23938
760.0,Cassandra,0.00397299914237063,0.059234032060369694,118.58733,29.11199,225.88814,287.96528
760.0,Chaos,0.010536681247621122,0.031638774246065336,113.33272,33.51482,187.36938,56.6302
765.0,Alpha Centauri B,23.60099345680591,0.5152764313955698,79.1931,-155.16471,231.77255,177.22131
765.0,Alpha Centauri A b,1.5970047603829207,0.060153786183624075,67.99654,-143.34739,358.42206,342.86323
765.0,Dante,0.0007351652628222906,0.022679216475875535,54.85462,-156.37504,200.94551,38.72684
765.0,Hades,0.0009855084157500845,0.04378014427595265,68.53234,-147.56367,92.97897,213.93316
765.0,Pandora,0.0016869351515067092,0.003610817569831107,71.13066,-162.27844,71.81758,313.5572
765.0,Cassandra,0.003949285563032543,0.03578573963338687,111.34038,22.47751,82.96962,159.76832
765.0,Chaos,0.009986258374066177,0.009324401719633764,114.43982,33.93175,95.79062,68.61663
770.0,Alpha Centauri B,23.571113318026292,0.5171905885872008,79.2156,-155.13615,231.6461,185.6772
770.0,Alpha Centauri A b,1.6047975891955928,0.0648899066025422,68.03574,-143.31153,1.56917,190.65976
770.0,Dante,0.0007343355968825355,0.010452620451288643,71.91848,-152.84265,257.70267,75.89795
770.0,Hades,0.0009856961886652179,0.050756520914605835,73.33197,-151.12884,332.85718,244.62181
770.0,Pandora,0.0016869885118740557,0.0035867692945895577,73.15073,-156.39007,306.65615,330.02826
770.0,Cassandra,0.003931978427369406,0.044826304774607466,120.30032,22.85354,328.79525,354.6871
770.0,Chaos,0.010510115673272265,0.04389000107409335,114.9006,33.35232,117.68605,323.87792
775.0,Alpha Centauri B,23.612396037171404,0.5144480596304034,79.20957,-155.14431,231.63379,194.28561
775.0,Alpha Centauri A b,1.6108912189508837,0.06893981418905913,68.02489,-143.28079,359.56452,50.64917
775.0,Dante,0.0007349432778824559,0.006011354911780422,55.85347,-159.69279,338.45022,68.0365
775.0,Hades,0.000991492556122721,0.05502386426272244,73.86188,-156.41976,208.05602,292.10597
775.0,Pandora,0.0016873084646668857,0.003486566946861606,72.31196,-149.91966,234.78379,292.20359
775.0,Cassandra,0.003914899113931669,0.05517967772944091,113.51422,30.52613,182.26817,224.50887
775.0,Chaos,0.010012628924008608,0.04492442295210319,115.65804,32.48137,194.06086,171.76078
780.0,Alpha Centauri B,23.561605775396025,0.5173398950064135,79.20627,-155.15751,231.77486,203.45472
780.0,Alpha Centauri A b,1.6146462747336296,0.06278941034067684,68.02578,-143.26498,353.66039,254.40193
780.0,Dante,0.0007341182927264305,0.012680104045524639,70.33963,-149.35078,218.34162,294.82317
780.0,Hades,0.0009868133072076608,0.04898807130494785,69.76319,-161.10384,113.23498,261.21924
780.0,Pandora,0.0016876574880483493,0.004017268778264749,68.08972,-145.46508,139.6123,278.91513
780.0,Cassandra,0.003910451971686335,0.043746721852496805,114.98924,20.74031,30.36359,104.49888
780.0,Chaos,0.01050636327567773,0.04798750398850349,115.46642,31.95047,258.89485,31.63424
785.0,Alpha Centauri B,23.620541959306202,0.5152854320680729,79.21023,-155.12643,231.51974,214.37412
785.0,Alpha Centauri A b,1.6142008822342595,0.06235934741725495,68.02848,-143.21834,3.09125,109.45715
785.0,Dante,0.0007346787121861775,0.014672340873038713,57.7678,-162.6272,256.85477,317.56033
785.0,Hades,0.0009897880659825694,0.004442839163009323,62.57602,-163.57963,40.19652,40.72157
785.0,Pandora,0.001687543833713844,0.0013025868109087884,62.00474,-143.63465,42.89616,265.36125
785.0,Cassandra,0.003909882021214291,0.039093908537519824,120.97282,29.38121,273.49518,299.2492
785.0,Chaos,0.010046474849252772,0.011848506807792007,114.73765,30.70843,268.11997,298.69122
790.0,Alpha Centauri B,23.55045750912687,0.5163068276836302,79.21213,-155.16678,231.84064,227.22168
790.0,Alpha Centauri A b,1.6099094074044686,0.06827146691128601,68.01021,-143.16,357.83208,313.03723
790.0,Dante,0.0007353672326503704,0.015315228033352774,67.17441,-146.48656,281.11344,321.03296
790.0,Hades,0.000987540854140879,0.05123797485973542,55.53406,-161.17197,242.15761,280.86491
790.0,Pandora,0.0016872176729488095,0.0009369061264411547,56.60993,-146.33107,11.66799,191.19277
790.0,Cassandra,0.003912898488393308,0.05379795015098065,112.48295,26.79256,134.62998,165.13364
790.0,Chaos,0.01044081473068145,0.021918990032660072,114.37018,30.36731,208.60499,280.54754
795.0,Alpha Centauri B,23.631290083726896,0.5165203391376871,79.20344,-155.13492,231.5356,245.53089
795.0,Alpha Centauri A b,1.603398279734275,0.0667488912469096,67.99514,-143.13681,355.29953,172.55791
795.0,Dante,0.0007351924218670716,0.012288171112417296,61.27544,-164.78735,305.26645,301.94155
795.0,Hades,0.0009911369667627526,0.01972607757762897,52.14055,-154.77728,205.85506,110.78104
795.0,Pandora,0.0016868564664908256,0.0010803752247379858,53.17636,-152.82318,175.41077,283.20554
795.0,Cassandra,0.003930052425297104,0.050656327510447886,120.64396,20.73641,338.1235,45.23871
795.0,Chaos,0.010053879563041074,0.04204252381668831,113.0978,30.79171,286.0653,129.66547
800.0,Alpha Centauri B,23.538776997975518,0.5152127915805852,79.21327,-155.1499,231.76184,274.09084
800.0,Alpha Centauri A b,1.5962323337539324,0.062151818500781525,68.04529,-143.11995,356.69653,22.81515
800.0,Dante,0.0007344726496795848,0.010889871602673061,63.20545,-145.54976,350.78965,291.13811
800.0,Hades,0.0009914325223150686,0.056755240846904934,54.91684,-148.63494,342.59083,33.99254
800.0,Pandora,0.001687187668053482,0.0007499527063330702,53.98764,-160.0103,25.0319,329.00345
800.0,Cassandra,0.003952657777035907,0.03246111180783791,117.70906,30.34693,211.66396,250.41371
800.0,Chaos,0.010468595581480085,0.05471064272203493,112.60254,31.12693,342.93862,352.34998
805.0,Alpha Centauri B,23.67170506345584,0.5178019083734041,79.20877,-155.14563,231.63376,329.03586
805.0,Alpha Centauri A b,1.599594689901733,0.07045516145865723,68.42943,-143.10951,9.18909,212.01037
805.0,Dante,0.00073417632552444,0.01268250240098285,65.27848,-164.74899,39.73659,294.68239
805.0,Hades,0.0009929811910329342,0.007482229486233486,61.49406,-146.57255,11.22855,65.24344
805.0,Pandora,0.0016871690422252134,0.0014875247956977929,58.45452,-165.5025,80.4317,168.79157
805.0,Cassandra,0.003967284040105779,0.05340062106922696,113.60955,20.39564,88.72468,103.67278
805.0,Chaos,0.010079264835116609,0.02142935264469165,112.43113,32.75057,31.88833,222.4143
810.0,Alpha Centauri B,23.52205053125575,0.5148900066839668,79.21009,-155.15258,231.606,46.01079
810.0,Alpha Centauri A b,1.6010934845250926,0.0617797208272035,68.76617,-142.52832,3.9563,77.5784
810.0,Dante,0.0007355932298315787,0.005539014154859579,59.45451,-146.56908,318.21886,345.44621
810.0,Hades,0.0009866863218802122,0.03462696243455328,68.77627,-149.10347,95.63504,122.64037
810.0,Pandora,0.0016871325917606848,0.0019240701833853505,64.25596,-166.39381,353.73713,149.21489
810.0,Cassandra,0.0039950284810265375,0.05984557489044058,121.5762,24.21451,281.82759,346.96379
810.0,Chaos,0.010432424483945352,0.0018859126802163696,112.07591,33.12143,281.40512,258.48884
815.0,Alpha Centauri B,23.6483634232126,0.5169344754338568,79.19903,-155.13984,231.83982,93.29611
815.0,Alpha Centauri A b,1.6073190943088789,0.060963369893314766,68.73422,-142.51133,2.29893,275.07556
815.0,Dante,0.0007356298407263369,0.0271733494789299,69.85604,-161.78557,172.36028,1.6579
815.0,Hades,0.0009870780367484647,0.034135289993606814,73.4537,-155.16972,323.51049,168.06397
815.0,Pandora,0.0016870859291501102,0.0033815366976967555,69.97533,-163.39005,311.40487,80.68253
815.0,Cassandra,0.004001955257575255,0.024163746207239434,112.26376,27.76153,161.15491,195.08277
815.0,Chaos,0.010084875567484795,0.036889585230889275,112.85034,33.68036,19.45086,83.64897
820.0,Alpha Centauri B,23.54850527776951,0.5160848201344695,79.22446,-155.14915,231.53428,119.22517
820.0,Alpha Centauri A b,1.614472149525887,0.0618444509009597,68.83469,-142.5553,9.43923,130.73996
820.0,Dante,0.0007358321493939519,0.02419897868357086,56.06959,-150.18964,146.55187,338.42324
820.0,Hades,0.000986878892969884,0.03469372438226124,72.78951,-161.00773,295.28972,283.31378
820.0,Pandora,0.0016872241611988964,0.004078190766808126,72.999,-158.16686,212.99358,70.79364
820.0,Cassandra,0.00401402928310532,0.061765392429434546,116.44155,19.30925,38.67474,42.00516
820.0,Chaos,0.010425672651708672,0.0525041554322298,113.05972,34.04753,65.81868,313.17062
825.0,Alpha Centauri B,23.628048594665383,0.5154347351452331,79.19177,-155.14857,231.87664,135.53971
825.0,Alpha Centauri A b,1.6183348469342929,0.07185814028793318,68.85828,-142.52304,3.44141,339.1829
825.0,Dante,0.0007346580622327491,0.01734867899891739,71.91966,-157.3467,178.33061,307.3241
825.0,Hades,0.0009867556057456656,0.03879560841732339,67.51871,-163.99928,114.08916,157.75554
825.0,Pandora,0.0016874576958990104,0.0026261935654198613,72.77365,-151.48718,132.44578,41.33025
825.0,Cassandra,0.0040064695710530325,0.05605093300450738,118.30433,30.20035,226.8706,293.63254
825.0,Chaos,0.010086246036009498,0.036427562274750316,113.87397,33.6216,129.54379,172.58858
830.0,Alpha Centauri B,23.56101984668244,0.5171188521117508,79.21655,-155.1439,231.57062,148.3371
830.0,Alpha Centauri A b,1.6125536003585916,0.0602535241142016,68.87698,-142.51657,1.98706,192.6106
830.0,Dante,0.0007355756801992615,0.007624029513119737,54.75353,-155.37984,1.84933,38.17469
830.0,Hades,0.0009970864106238072,0.05221026333585993,60.18229,-162.89693,51.64284,10.80557
830.0,Pandora,0.0016874687836855207,0.003321367007339767,69.53664,-146.34642,22.61075,40.7363
830.0,Cassandra,0.003990331907385966,0.026971290643412308,111.32134,24.66876,118.79421,130.19603
830.0,Chaos,0.0103849198014459,0.019483695466277352,114.51065,33.52347,194.93402,32.18926
835.0,Alpha Centauri B,23.610738005820387,0.5145660875714241,79.21276,-155.14385,231.75106,158.46335
835.0,Alpha Centauri A b,1.6050165563065744,0.06190424984495162,68.93622,-142.484,8.01774,43.43743
835.0,Dante,0.0007350476927049634,0.020245124267578123,71.50961,-151.99996,326.33688,40.90371
835.0,Hades,0.000991055561392321,0.03580238540818958,54.75031,-157.22536,190.02839,294.35355
835.0,Pandora,0.0016870761820835752,0.004265529632949815,63.60007,-143.84886,245.59143,69.24696
835.0,Cassandra,0.003978964212490916,0.05999258695393828,121.05564,23.59638,341.20423,348.01494
835.0,Chaos,0.010156767491092766,0.02578775427203672,114.34845,32.95409,123.20644,21.86901
840.0,Alpha Centauri B,23.571056136877996,0.517291493047855,79.19781,-155.1559,231.69329,167.63276
840.0,Alpha Centauri A b,1.5973862029773982,0.06778380221865915,68.96671,-142.44105,9.39698,240.77095
840.0,Dante,0.0007344126582095623,0.02313176038421572,56.00167,-160.62413,321.02988,349.90412
840.0,Hades,0.0009963771008220008,0.04421137212877111,53.57164,-149.4801,187.76967,8.42311
840.0,Pandora,0.0016869430822470668,0.00455239934169089,57.85333,-145.10381,155.5775,53.09119
840.0,Cassandra,0.003950187170619678,0.051152669815150986,115.31404,31.15509,181.63306,230.83457
840.0,Chaos,0.01033289595849381,0.04017628947994503,114.4848,31.92298,154.12543,270.74809
845.0,Alpha Centauri B,23.59594602459987,0.5153504588480883,79.22504,-155.12813,231.61257,176.21486
845.0,Alpha Centauri A b,1.5952710170550348,0.0655025955194209,68.97006,-142.45006,0.53301,113.9618
845.0,Dante,0.0007340042403223432,0.0018468703396157305,68.30502,-147.71511,51.13002,117.83555
845.0,Hades,0.0009902342084587826,0.021114667349682023,57.38816,-144.87754,310.25693,26.62404
845.0,Pandora,0.001687044930667025,0.006692038543467261,53.82242,-150.92359,73.64514,28.40837
845.0,Cassandra,0.003931544349971703,0.03518632064990694,115.82709,20.35841,57.38864,82.97992
845.0,Chaos,0.010193298175560061,0.03690616258365118,114.02117,31.73801,228.01488,122.86058
850.0,Alpha Centauri B,23.582450802236337,0.5161530226449311,79.1939,-155.16904,231.77443,184.38692
850.0,Alpha Centauri A b,1.5978678825484913,0.059230471816633656,69.02236,-142.47393,8.29502,304.03969
850.0,Dante,0.0007348071454215545,0.018450100351860812,60.21758,-164.59686,78.96969,29.84424
850.0,Hades,0.0009855571806519701,0.04377939423341141,63.91111,-145.76059,278.26974,137.72087
850.0,Pandora,0.0016874808693710381,0.006379538391353169,53.27474,-158.25348,336.36766,23.24692
850.0,Cassandra,0.00391662099740181,0.050520095464582686,122.0414,27.42388,289.31401,287.12056
850.0,Chaos,0.010267738874660986,0.02878295373886431,113.2433,31.12199,269.88613,3.14892
855.0,Alpha Centauri B,23.58502415734894,0.5166347725258146,79.21653,-155.1302,231.62055,193.06964
855.0,Alpha Centauri A b,1.6036419843782856,0.06516571984259216,69.07789,-142.42784,7.83545,162.76213
855.0,Dante,0.0007357543001666449,0.028408719961192992,64.05318,-145.78632,55.24755,352.17009
855.0,Hades,0.000989944329908429,0.02612785496715981,69.30544,-150.67254,93.20061,42.51417
855.0,Pandora,0.001687504467885748,0.00471856624170992,57.10142,-164.33177,251.08116,4.06708
855.0,Cassandra,0.003909347437440138,0.05206034483679667,112.48686,25.81265,135.8881,170.72603
855.0,Chaos,0.010287290578534267,0.02281221554012022,112.99869,31.61398,225.82699,324.32475
860.0,Alpha Centauri B,23.59875776496597,0.514846026804036,79.20637,-155.15414,231.6748,202.19423
860.0,Alpha Centauri A b,1.6101542318676536,0.06619310070037952,69.04,-142.37933,4.54834,16.34621
860.0,Dante,0.000734697904588243,0.018604862033639584,65.03553,-164.86682,57.92986,333.81693
860.0,Hades,0.0009871993950383033,0.0375211045004519,72.27575,-157.69621,62.38989,132.8462
860.0,Pandora,0.00168759703290336,0.005587069568763261,62.71225,-166.66702,143.4732,5.98187
860.0,Cassandra,0.003909909065436201,0.040056870424942076,119.33138,19.23957,355.6652,31.71085
860.0,Chaos,0.010197025455038117,0.030525718688504823,112.01911,32.45772,258.84606,216.05358
865.0,Alpha Centauri B,23.572736401224088,0.5171622362412955,79.20871,-155.14999,231.73923,212.55792
865.0,Alpha Centauri A b,1.6137618134404335,0.05812413553558656,68.99917,-142.38472,2.7702,222.15215
865.0,Dante,0.0007344325024512024,0.0020861050348631774,59.56414,-146.59515,216.99376,84.18938
865.0,Hades,0.0009902449901828742,0.006496589951754107,70.83883,-163.77092,43.79084,314.71918
865.0,Pandora,0.001687174585668161,0.005997940813109067,68.55613,-164.39871,21.55651,17.56756
865.0,Cassandra,0.003914010027287845,0.04321164152183896,116.84621,29.72944,239.39548,229.63032
865.0,Chaos,0.01035849735947304,0.04387128521505466,112.1132,32.95375,339.67672,60.55636
870.0,Alpha Centauri B,23.61863774301566,0.515181551774182,79.20683,-155.1321,231.51785,225.4902
870.0,Alpha Centauri A b,1.615212954458617,0.06349299485323061,69.02526,-142.37538,10.87751,76.33541
870.0,Dante,0.0007351057512900943,0.01722658551185763,69.5942,-161.98502,220.7635,33.22752
870.0,Hades,0.000991397955016816,0.05252879564512086,65.56438,-166.0849,125.92601,7.33117
870.0,Pandora,0.0016871764642256192,0.006049674535345007,72.61702,-159.71563,294.11898,356.02685
870.0,Cassandra,0.00392597874582315,0.05526282009913759,111.89862,21.37874,88.64192,110.14542
870.0,Chaos,0.010106612415351794,0.02986348343547245,112.29503,34.01316,13.56661,303.19187
875.0,Alpha Centauri B,23.553439619964948,0.5164651681744601,79.21531,-155.16101,231.84433,242.27285
875.0,Alpha Centauri A b,1.6108845307814101,0.06685088413058743,69.02422,-142.30127,2.38644,281.07372
875.0,Dante,0.0007369144489529786,0.029088204008477378,56.087,-149.99912,188.33877,354.83416
875.0,Hades,0.0009892432233483063,0.04520904502251754,59.21743,-162.75624,30.53933,279.3583
875.0,Pandora,0.0016872494499700593,0.007297166466385305,73.09169,-153.2616,201.09899,339.61504
875.0,Cassandra,0.003949414475585769,0.04555767649878795,120.74274,24.93397,296.97117,338.93063
875.0,Chaos,0.010449664077834745,0.011882952404217145,112.70917,34.11686,280.72628,317.73931
880.0,Alpha Centauri B,23.644993932163295,0.5166438344441926,79.19977,-155.13883,231.49515,269.27026
880.0,Alpha Centauri A b,1.6057821264139076,0.06261493352532647,69.00437,-142.2649,2.78488,142.82246
880.0,Dante,0.0007344651185763654,0.014679313660627533,71.8619,-157.15053,183.41141,314.76136
880.0,Hades,0.0009917744141036673,0.017602463464525788,55.51096,-155.13069,343.21659,120.84983
880.0,Pandora,0.0016872850377813743,0.00545680659638468,70.6854,-147.36997,94.28201,335.28786
880.0,Cassandra,0.003967460203381301,0.034517954601877246,112.3669,29.65178,192.63533,171.0353
880.0,Chaos,0.010032618813314062,0.029298979756265366,113.6893,34.09138,359.83041,163.63757
885.0,Alpha Centauri B,23.529108979863775,0.5151069577896314,79.21591,-155.14554,231.79166,318.95261
885.0,Alpha Centauri A b,1.5974781604012378,0.06771489042505907,69.2617,-142.33666,12.7189,334.84575
885.0,Dante,0.0007357670913768736,0.01658403137870702,54.59783,-154.63698,193.90635,323.86759
885.0,Hades,0.0009904257792197762,0.055523982026496894,55.88212,-147.26629,134.16971,38.07223
885.0,Pandora,0.00168698479043534,0.0036895961482492244,65.31246,-144.26656,2.17141,318.98223
885.0,Cassandra,0.0039902688118071345,0.06341861585898254,116.77099,20.65104,41.98117,46.2758
885.0,Chaos,0.010508464136995332,0.05850864631389823,114.1515,34.02384,65.8247,17.75122
890.0,Alpha Centauri B,23.642482381219597,0.5173025182080673,79.20789,-155.14865,231.67635,36.41588
890.0,Alpha Centauri A b,1.5903694641192208,0.07418853511231956,69.80171,-141.81,13.34103,185.23272
890.0,Dante,0.0007365289980965324,0.021374786745355763,71.5501,-152.8684,247.54292,324.72511
890.0,Hades,0.000993210822511635,0.021453464099240586,59.98945,-143.1013,286.20724,260.4195
890.0,Pandora,0.0016873030795128273,0.0047953851428975255,59.17012,-144.31194,244.08365,329.77597
890.0,Cassandra,0.004005953341329499,0.04546757094769102,120.00765,30.65013,233.63771,293.55222
890.0,Chaos,0.00999168006556438,0.04089224459303706,114.24355,32.89452,120.08013,240.9729
895.0,Alpha Centauri B,23.56260541387888,0.5153550368689892,79.21203,-155.14889,231.69242,88.59819
895.0,Alpha Centauri A b,1.5962701120830303,0.0576570603711248,69.77893,-141.66629,4.68533,48.51511
895.0,Dante,0.0007353353313696465,0.024479978055180082,55.19666,-159.34689,303.44382,327.46866
895.0,Hades,0.000988871630090509,0.04275453109229648,65.50567,-144.83105,289.14593,289.84091
895.0,Pandora,0.0016872982970553856,0.005001444428878695,54.65533,-149.03983,130.44324,336.8538
895.0,Cassandra,0.004007991317603452,0.034718024684294156,112.60475,24.88386,152.08998,104.75909
895.0,Chaos,0.010548493822188393,0.02045414206397494,114.19848,32.27085,238.86584,47.25624
900.0,Alpha Centauri B,23.614045054828075,0.5167757615224938,79.19807,-155.14461,231.7399,116.15817
900.0,Alpha Centauri A b,1.606939288914489,0.05837030829537023,69.81756,-141.77754,12.06425,240.51385
900.0,Dante,0.0007352510659635531,0.024167119488865112,69.83794,-149.74954,353.6351,330.132
900.0,Hades,0.0009877301332003696,0.04654057889381362,69.50468,-150.50002,144.55044,100.91923
900.0,Pandora,0.0016875179959253033,0.00470577056410078,52.95948,-156.48361,55.85012,308.23489
900.0,Cassandra,0.0040127661505934996,0.0689959945743536,121.86202,21.95883,344.52391,350.23348
900.0,Chaos,0.009972863200436001,0.014647702301955128,113.09329,31.66166,92.80733,117.64155
905.0,Alpha Centauri B,23.561127225140797,0.5158281839031934,79.2275,-155.14475,231.58821,133.82484
905.0,Alpha Centauri A b,1.6141046240574883,0.06329932188551508,69.93018,-141.79263,16.75406,99.62336
905.0,Dante,0.0007356060903193212,0.009957144758036779,58.03244,-163.55377,327.11371,319.53334
905.0,Hades,0.0009903120648866845,0.0433946356746956,70.90702,-158.27679,62.34612,336.25125
905.0,Pandora,0.0016873088552487798,0.005147673851665414,55.78499,-162.96935,330.68166,290.01695
905.0,Cassandra,0.003992563865834691,0.03827935370787515,115.92165,29.62777,183.55463,236.06189
905.0,Chaos,0.010534726407432353,0.05325347908171341,112.74593,31.20625,139.68645,347.4318
910.0,Alpha Centauri B,23.617001884654346,0.5157982740817868,79.18756,-155.15367,231.83028,146.50057
910.0,Alpha Centauri A b,1.6168027773260545,0.06727037544759272,69.95188,-141.72326,8.10894,305.80108
910.0,Dante,0.0007345317427074956,0.013684004535995744,66.39849,-146.70228,138.73522,58.27089
910.0,Hades,0.0009885568334141,0.022481601002419083,68.37697,-165.27251,317.79043,295.60842
910.0,Pandora,0.001687064917595946,0.002496420202261947,61.2611,-166.51365,232.74937,280.34368
910.0,Cassandra,0.003979674344285266,0.04195097935374059,114.68258,19.19544,91.89965,55.3409
910.0,Chaos,0.009994320862286297,0.04507057496264567,111.90215,32.1169,207.66791,202.7395
915.0,Alpha Centauri B,23.5615583070227,0.5169406966729724,79.22183,-155.13943,231.57157,157.29585
915.0,Alpha Centauri A b,1.6114648530969788,0.05760472178153019,69.92425,-141.69724,11.61074,161.3037
915.0,Dante,0.0007347134727787332,0.022632611230440153,63.23849,-165.17218,137.34477,7.18315
915.0,Hades,0.000990285102908421,0.016951927067295727,63.04528,-167.37336,67.34566,21.86946
915.0,Pandora,0.001686916888594889,0.0010880913083195275,67.05605,-165.35821,160.12397,245.7147
915.0,Cassandra,0.003954635339886291,0.059007824255618596,120.87995,26.19838,292.00847,290.93126
915.0,Chaos,0.01051846559739082,0.04064095791876135,111.27485,32.56919,288.30429,48.12787
920.0,Alpha Centauri B,23.616292343950605,0.5144902709952819,79.2042,-155.14986,231.77403,166.33028
920.0,Alpha Centauri A b,1.604229596451387,0.061227808974090386,69.96372,-141.70784,15.66136,6.37206
920.0,Dante,0.0007356698206416232,0.028120408872017076,62.02835,-145.72511,135.80364,357.49011
920.0,Hades,0.0009872144803811486,0.04228753054150131,57.96767,-163.29095,52.29136,133.54077
920.0,Pandora,0.0016870299725876353,0.0020033503436813664,71.8955,-161.04116,2.62429,293.74969
920.0,Cassandra,0.003935071740015369,0.041031310297643384,111.12491,26.40345,142.73526,172.25134
920.0,Chaos,0.009997356185966783,0.009496290682157972,111.35891,33.79703,287.4107,327.56094
925.0,Alpha Centauri B,23.563961434363392,0.5175194684030175,79.20407,-155.15187,231.67214,174.99438
925.0,Alpha Centauri A b,1.5987094423090162,0.06666899076028479,70.02885,-141.67403,13.95089,213.3933
925.0,Dante,0.0007347662795365317,0.009546172717071347,67.76562,-163.35163,106.03883,315.15145
925.0,Hades,0.0009931312609258891,0.03515863629378143,55.87204,-154.83089,321.29449,45.24861
925.0,Pandora,0.0016872541554168222,0.001900869996826098,73.31261,-155.05365,236.36738,309.41099
925.0,Cassandra,0.003919782941205639,0.040334492988045215,117.9851,20.35611,24.64606,9.53816
925.0,Chaos,0.010502481062704974,0.03416235063686355,111.44716,34.67585,216.79678,317.17779
930.0,Alpha Centauri B,23.609681941269482,0.514701752452622,79.22044,-155.12921,231.61882,183.3736
930.0,Alpha Centauri A b,1.596106119216149,0.059963429635334596,70.05165,-141.6301,8.11936,80.71261
930.0,Dante,0.0007347826097061195,0.015272402309398267,57.44201,-147.7716,271.48695,56.98556
930.0,Hades,0.0009907625935907977,0.019163218380201106,58.26833,-146.56292,212.36302,358.50288
930.0,Pandora,0.0016874397006748092,0.0014597115309883358,71.51818,-148.65411,214.09076,222.00879
930.0,Cassandra,0.003909281708133157,0.05269169017053334,116.93773,31.17158,248.02881,229.73245
930.0,Chaos,0.010035230610312081,0.03973619852598556,112.31954,34.83046,304.34274,155.00824
935.0,Alpha Centauri B,23.567305556619978,0.5168830610471342,79.19762,-155.16921,231.78086,191.69975
935.0,Alpha Centauri A b,1.597952290299079,0.05934547970113146,70.06753,-141.62901,17.32782,268.26487
935.0,Dante,0.000734555342041377,0.022801654766070892,71.06553,-158.87005,236.12115,354.81052
935.0,Hades,0.0009884274970180821,0.007935932786812561,64.03001,-142.86918,318.63317,106.00651
935.0,Pandora,0.001687387125045832,0.0016713370503602914,66.95935,-144.76523,125.99839,202.00213
935.0,Cassandra,0.003908056592799987,0.04838546606564442,112.23362,23.1467,93.19175,113.85862
935.0,Chaos,0.01048809359559297,0.05283275892854756,113.35877,35.05056,4.77678,16.25711
940.0,Alpha Centauri B,23.602064485269736,0.5159940495456624,79.21516,-155.12581,231.58027,200.94944
940.0,Alpha Centauri A b,1.6019208831743488,0.06495988145580545,70.09534,-141.61054,13.19439,135.08354
940.0,Dante,0.0007343554110133375,0.008500853762463479,54.5498,-153.01843,208.65648,294.60461
940.0,Hades,0.0009871980264624658,0.030691362259364356,69.04646,-145.92542,212.06678,74.15376
940.0,Pandora,0.0016872857176289202,0.001672514992629377,60.64782,-143.9606,127.51574,92.5798
940.0,Cassandra,0.0039144004556788455,0.03770037270063729,121.87945,25.33915,324.24413,319.61086
940.0,Chaos,0.010031448363551004,0.017712965942903378,113.70969,34.38848,48.27577,249.0532
945.0,Alpha Centauri B,23.57667799164505,0.5155262596282083,79.20645,-155.16234,231.74379,210.9959
945.0,Alpha Centauri A b,1.6089547967248155,0.061966507047950294,70.08286,-141.56933,9.81939,341.37116
945.0,Dante,0.0007345340321570866,0.01227045220438879,71.46582,-153.58495,10.1844,50.72215
945.0,Hades,0.000995474358844911,0.059136043630716915,70.92633,-153.33408,122.5803,1.5045
945.0,Pandora,0.0016872818449296955,0.0025844485324736815,55.56796,-147.31635,28.52381,84.68077
945.0,Cassandra,0.003925559794858883,0.048401315906350065,114.05003,29.85865,201.84023,169.80563
945.0,Chaos,0.01046329677233148,0.01035262919825431,114.30779,33.42745,290.16601,290.55088
950.0,Alpha Centauri B,23.59333469696608,0.5168293654682425,79.20863,-155.14333,231.67134,223.37272
950.0,Alpha Centauri A b,1.6132345576774807,0.05563080829296775,70.03623,-141.55955,13.01563,189.86213
950.0,Dante,0.0007342994229274474,0.020004491606947398,55.33886,-159.90602,316.8975,332.11262
950.0,Hades,0.0009882990525731218,0.045279923920878505,68.6745,-161.17222,0.57746,57.51367
950.0,Pandora,0.0016871928202927342,0.0010383282539377509,53.05304,-154.58375,326.98556,42.35618
950.0,Cassandra,0.003942734243088451,0.056190514208496606,117.37271,19.71393,42.47915,53.6874
950.0,Chaos,0.010066397527888639,0.03641706958439323,113.85447,32.95687,38.72832,107.04288
955.0,Alpha Centauri B,23.597376583872276,0.515302249394452,79.20572,-155.13998,231.58338,239.74805
955.0,Alpha Centauri A b,1.615837783756039,0.06446910592190948,70.0482,-141.56628,16.73688,42.85818
955.0,Dante,0.0007346890084979033,0.01535385826307143,68.94173,-148.61433,75.5492,54.29246
955.0,Hades,0.0009861787081771023,0.03616975212743739,63.06674,-166.40877,229.88988,122.24862
955.0,Pandora,0.0016870280601422333,0.0017274962074339273,54.63263,-161.55711,210.16232,56.692
955.0,Cassandra,0.0039661351036389125,0.033803621491968715,120.89937,28.76343,258.56255,275.1509
955.0,Chaos,0.010469724006729722,0.05590019188590174,113.26573,31.74021,84.5391,338.66945
960.0,Alpha Centauri B,23.583258055820675,0.5165879213200869,79.21575,-155.15318,231.76564,264.34684
960.0,Alpha Centauri A b,1.6103610205739682,0.06545475046539571,70.07838,-141.50595,7.81214,250.32381
960.0,Dante,0.0007354607177963844,0.024142457334174153,59.94772,-164.60545,7.68204,336.93147
960.0,Hades,0.0009868281394944509,0.03293237098962057,57.23449,-165.84105,104.60986,150.51148
960.0,Pandora,0.0016869261037702676,0.003647151341414822,59.78504,-165.95125,67.08397,92.45073
960.0,Cassandra,0.003983793819374743,0.048116885621183624,112.09383,23.85348,158.31134,107.44925
960.0,Chaos,0.010055292345486761,0.028593638063234554,112.91653,31.83011,153.31181,190.9332
965.0,Alpha Centauri B,23.61557178132971,0.5164267242510544,79.19939,-155.1469,231.56659,310.0188
965.0,Alpha Centauri A b,1.602183257321436,0.061039965130049265,70.20745,-141.49923,9.00521,112.89716
965.0,Dante,0.0007353192183949145,0.004539622779471925,64.5928,-145.97568,278.11122,347.47437
965.0,Hades,0.0009938122427270652,0.061519545615499126,54.63421,-159.02309,34.53315,31.37407
965.0,Pandora,0.0016872261094479592,0.003883661562836168,65.6255,-166.15793,340.82963,71.99983
965.0,Cassandra,0.00400764201228083,0.06625851042848097,120.40017,20.56038,345.91083,355.00191
965.0,Chaos,0.010456532250111821,0.015570223461538872,111.83995,31.82837,228.08898,42.34446
970.0,Alpha Centauri B,23.619828414885028,0.5166554605670105,79.21041,-155.1386,231.78649,26.05293
970.0,Alpha Centauri A b,1.5914071506748266,0.05482997798402829,70.81632,-141.05518,31.15606,286.15571
970.0,Dante,0.0007341742222474088,0.010771500282394722,64.55976,-164.84665,55.86585,304.17715
970.0,Hades,0.000987430592034563,0.03541936861050151,56.73542,-151.02796,229.8041,173.93024
970.0,Pandora,0.0016875106370540793,0.005772712211995698,70.8688,-162.28105,264.47289,39.11396
970.0,Cassandra,0.004005992858245739,0.025717847651304988,114.89833,29.662,205.01309,224.08934
970.0,Chaos,0.010057740387215642,0.026196489172669302,111.60529,32.27936,126.14362,65.57571
975.0,Alpha Centauri B,23.57316595816477,0.5163140514870822,79.21262,-155.1516,231.582,83.39879
975.0,Alpha Centauri A b,1.5944444631487753,0.0661059695821261,70.87305,-140.9615,18.26456,157.3734
975.0,Dante,0.0007346998198242927,0.024365243552314255,61.4918,-145.67114,138.78654,346.00621
975.0,Hades,0.0009897345234848543,0.05134657487473575,61.56967,-146.01118,150.82731,74.41462
975.0,Pandora,0.001687549296274251,0.005447451869306877,73.38327,-156.69213,158.14677,34.81784
975.0,Cassandra,0.004011407124913052,0.05590703443368837,113.00873,20.35656,105.56398,49.51594
975.0,Chaos,0.010426205460347558,0.04802586082506901,110.83648,33.26654,169.09381,299.47498
980.0,Alpha Centauri B,23.606859242682262,0.515461764033451,79.20711,-155.14598,231.8233,113.03664
980.0,Alpha Centauri A b,1.59939326682066,0.05645308462225023,70.96468,-140.99685,14.22354,9.41872
980.0,Dante,0.0007351073437062623,0.019696853143255005,66.4558,-163.95833,161.64663,333.28375
980.0,Hades,0.0009966334911827243,0.05597754469625629,66.16769,-144.11853,49.96997,42.36678
980.0,Pandora,0.001687280838216625,0.0035780234217535653,72.1701,-150.1817,63.68563,19.57892
980.0,Cassandra,0.004000163133900691,0.06038482440040357,120.47169,27.40836,291.74219,300.69107
980.0,Chaos,0.010079493651885199,0.042567413464686205,110.54498,34.00639,241.97366,151.97268
985.0,Alpha Centauri B,23.58375981625849,0.5169206985102783,79.20133,-155.14747,231.64238,131.68046
985.0,Alpha Centauri A b,1.6085713591886326,0.056435041235507744,71.00531,-141.02533,20.95972,208.81651
985.0,Dante,0.0007351539804414481,0.023974695982391218,61.00455,-145.4564,203.68022,341.68858
985.0,Hades,0.000994730795253454,0.04069705658517216,70.04501,-145.68297,312.88469,0.58849
985.0,Pandora,0.0016870118020514164,0.004503368876601023,68.3739,-145.3901,311.37406,23.48873
985.0,Cassandra,0.003980241289016771,0.027570212174725377,111.64395,28.29549,166.24584,157.38886
985.0,Chaos,0.010415760979622648,0.03391190922758311,111.18674,34.78363,298.63872,18.76896
990.0,Alpha Centauri B,23.58301373884214,0.515309013182488,79.22657,-155.14106,231.66683,145.04104
990.0,Alpha Centauri A b,1.6141913756825528,0.06436495305990778,71.05849,-141.04485,22.87324,67.53718
990.0,Dante,0.0007360424869175771,0.024421543275369238,66.26166,-163.64338,255.66861,329.5732
990.0,Hades,0.0009890164656062928,0.008812430064805135,71.48716,-149.64581,93.67022,38.54934
990.0,Pandora,0.0016871222489309148,0.005934564046205784,62.29202,-143.89126,188.90765,35.99072
990.0,Cassandra,0.0039613435086937425,0.053227260859380496,118.747,21.22049,43.21832,359.92598
990.0,Chaos,0.01015900985448476,0.018646013266758854,111.71783,35.48347,240.09733,353.32375
995.0,Alpha Centauri B,23.59719035189371,0.5164037484224913,79.18763,-155.15782,231.76539,155.73307
995.0,Alpha Centauri A b,1.6152941440151654,0.061520975436571604,71.09158,-140.987,14.15441,273.38903
995.0,Dante,0.0007338535847339722,0.005113353675194525,59.87761,-145.74215,267.86348,272.97736
995.0,Hades,0.000996875496875586,0.032515711539173556,70.89277,-155.60618,91.34385,16.56808
995.0,Pandora,0.00168731448490643,0.006021395381929969,56.56365,-145.98968,100.93369,18.00124
995.0,Cassandra,0.00393590667164231,0.053980492415033804,118.78078,31.33719,248.2654,237.57712
995.0,Chaos,0.010301058254051641,0.030276657714748235,112.62768,35.05418,267.35546,247.82829
1000.0,Alpha Centauri B,23.571620934284113,0.5164528266941626,79.22533,-155.13402,231.58867,165.27995
1000.0,Alpha Centauri A b,1.611284652897805,0.05625460456218305,71.0641,-140.95065,21.69396,128.73709
1000.0,Dante,0.000735003375803512,0.0040547598777965245,66.76692,-163.50273,209.99958,1.68581
1000.0,Hades,0.0009907309053819617,0.029884428734484346,68.71417,-160.70835,221.21697,42.62771
1000.0,Pandora,0.0016871543787112292,0.007156472515682196,53.43222,-152.5515,18.38167,356.70754
1000.0,Cassandra,0.003924506597277533,0.03753474239598456,113.20705,22.60983,110.37795,105.67364
1000.0,Chaos,0.010213394037503864,0.04101926942505654,113.31363,35.00646,337.93304,102.22103
