{
  "system": "61 Vir",
  "star": {
    "name": "61 Vir",
    "mass_msun": 0.9297614685356879
  },
  "planets": [
    {
      "name": "61 Vir b",
      "mass_msun": 1.5313949279005694e-05,
      "mass_kind": "msini",
      "a_au": 0.050201,
      "e": 0.12,
      "inc_rad": 0.0,
      "omega_rad": 1.8325957145940461,
      "Omega_rad": 4.7623679680665845,
      "M_rad": 5.305658970563565
    },
    {
      "name": "61 Vir c",
      "mass_msun": 5.4649779779981096e-05,
      "mass_kind": "msini",
      "a_au": 0.2175,
      "e": 0.14,
      "inc_rad": 0.0,
      "omega_rad": 5.951572749300664,
      "Omega_rad": 1.6268219212234332,
      "M_rad": 2.642529177293657
    },
    {
      "name": "61 Vir d",
      "mass_msun": 6.87626349978883e-05,
      "mass_kind": "msini",
      "a_au": 0.476,
      "e": 0.35,
      "inc_rad": 0.0,
      "omega_rad": 5.480333851262195,
      "Omega_rad": 2.544276222803882,
      "M_rad": 3.2124338172355777
    }
  ],
  "hypotheticals": [],
  "integration": {
    "integrator": "whfast",
    "elapsed_sec": 2780.043648958206,
    "dt_yr": 0.00023330335190619483,
    "innermost_period_yr": 0.011665167595309741,
    "energy_relative_error": 1.3952185696090692e-07,
    "megno_final": 6.57437986714128
  },
  "per_body": {
    "61 Vir b": {
      "a_min": 0.0501996288711652,
      "a_max": 0.05020249077273145,
      "e_min": 0.020719953659546042,
      "e_max": 0.3963995863840857
    },
    "61 Vir c": {
      "a_min": 0.21747276344222916,
      "a_max": 0.21756408732833415,
      "e_min": 0.11888441972692189,
      "e_max": 0.36588601876183585
    },
    "61 Vir d": {
      "a_min": 0.47570137206411045,
      "a_max": 0.4762111042394205,
      "e_min": 0.2356395425833664,
      "e_max": 0.35508578710885863
    }
  },
  "hill_track": {},
  "judgment": {
    "per_body": {
      "61 Vir b": {
        "flags": [],
        "status": "stable",
        "ecc_class": "hot",
        "e_max": 0.3963995863840857
      },
      "61 Vir c": {
        "flags": [],
        "status": "stable",
        "ecc_class": "hot",
        "e_max": 0.36588601876183585
      },
      "61 Vir d": {
        "flags": [],
        "status": "stable",
        "ecc_class": "hot",
        "e_max": 0.35508578710885863
      }
    },
    "overall": "chaotic_but_hill_stable",
    "ecc_class_max": "hot",
    "lyapunov_time_yr": 437217.73400727275,
    "is_chaotic": true
  }
}