{
  "system": "Alpha Centauri AB + A b",
  "star": {
    "name": "Alpha Centauri A",
    "mass_msun": 1.1055
  },
  "planets": [
    {
      "name": "Alpha Centauri B",
      "mass_msun": 0.9092,
      "mass_kind": "true",
      "a_au": 23.675416374710288,
      "e": 0.5179,
      "inc_rad": 1.3823880340421086
    },
    {
      "name": "Alpha Centauri A b",
      "mass_msun": 0.0003603282183295457,
      "mass_kind": "imaging_photometric_estimate",
      "a_au": 1.6,
      "e": 0.1,
      "inc_rad": 1.103135353723016,
      "mutual_incl_deg": 16.0
    }
  ],
  "hypotheticals": [],
  "integration": {
    "integrator": "ias15",
    "elapsed_sec": 5.4880290031433105,
    "dt_yr": 0.06628120810296409,
    "innermost_period_yr": 1.924902793575301,
    "energy_relative_error": 5.426667259858715e-13,
    "megno_final": 2.000084603619699
  },
  "per_body": {
    "Alpha Centauri B": {
      "a_min": 23.52861846719911,
      "a_max": 23.66752962306319,
      "e_min": 0.5144658937157699,
      "e_max": 0.5177140648345181
    },
    "Alpha Centauri A b": {
      "a_min": 1.5911519483232763,
      "a_max": 1.602566375258867,
      "e_min": 0.051139700858814204,
      "e_max": 0.15746730549627114
    }
  },
  "hill_track": {},
  "judgment": {
    "per_body": {
      "Alpha Centauri B": {
        "flags": [],
        "status": "stable",
        "ecc_class": "hot",
        "e_max": 0.5177140648345181
      },
      "Alpha Centauri A b": {
        "flags": [],
        "status": "stable",
        "ecc_class": "calm",
        "e_max": 0.15746730549627114
      }
    },
    "overall": "stable",
    "ecc_class_max": "hot",
    "lyapunov_time_yr": 1181982524.5768118,
    "is_chaotic": false
  }
}