{
  "system": "Alpha Centauri AB + A b",
  "star": {
    "name": "Alpha Centauri A",
    "mass_msun": 1.1055
  },
  "planets": [
    {
      "name": "Alpha Centauri B",
      "mass_msun": 0.9092,
      "mass_kind": "true",
      "a_au": 23.675416374710288,
      "e": 0.5179,
      "inc_rad": 1.3823880340421086
    },
    {
      "name": "Alpha Centauri A b",
      "mass_msun": 0.0003603282183295457,
      "mass_kind": "imaging_photometric_estimate",
      "a_au": 1.6,
      "e": 0.1,
      "inc_rad": 1.103135353723016,
      "mutual_incl_deg": 16.0
    }
  ],
  "hypotheticals": [],
  "integration": {
    "integrator": "ias15",
    "elapsed_sec": 173.80298590660095,
    "dt_yr": 0.055900500835488635,
    "innermost_period_yr": 1.924902793575301,
    "energy_relative_error": 8.123285414709866e-11,
    "megno_final": 2.0016477337258096
  },
  "per_body": {
    "Alpha Centauri B": {
      "a_min": 23.51858535620833,
      "a_max": 23.683893544600146,
      "e_min": 0.5144675635125568,
      "e_max": 0.5180376960472154
    },
    "Alpha Centauri A b": {
      "a_min": 1.5905535715614563,
      "a_max": 1.6025460613834894,
      "e_min": 0.04914840246207267,
      "e_max": 0.1582925691874648
    }
  },
  "hill_track": {},
  "judgment": {
    "per_body": {
      "Alpha Centauri B": {
        "flags": [],
        "status": "stable",
        "ecc_class": "hot",
        "e_max": 0.5180376960472154
      },
      "Alpha Centauri A b": {
        "flags": [],
        "status": "stable",
        "ecc_class": "calm",
        "e_max": 0.1582925691874648
      }
    },
    "overall": "stable",
    "ecc_class_max": "hot",
    "lyapunov_time_yr": 1213788349.824116,
    "is_chaotic": false
  }
}