{
  "system": "AU Mic",
  "star": {
    "name": "AU Mic",
    "mass_msun": 0.4998717572772515
  },
  "planets": [
    {
      "name": "AU Mic b",
      "mass_msun": 2.6994589023188466e-05,
      "mass_kind": "true",
      "a_au": 0.07,
      "e": 0.07,
      "inc_rad": -0.028099800957108696,
      "omega_rad": -0.9075712110370514,
      "Omega_rad": 5.305658970563565,
      "M_rad": 2.478367537831948
    },
    {
      "name": "AU Mic c",
      "mass_msun": 4.341955030871026e-05,
      "mass_kind": "true",
      "a_au": 0.119,
      "e": 0.18,
      "inc_rad": -0.009424777960769489,
      "omega_rad": 1.270599695451872,
      "Omega_rad": 4.7623679680665845,
      "M_rad": 0.3001966313430247
    }
  ],
  "hypotheticals": [],
  "integration": {
    "integrator": "whfast",
    "elapsed_sec": 1172.7866089344025,
    "dt_yr": 0.0005239091193889016,
    "innermost_period_yr": 0.02619545596944508,
    "energy_relative_error": 1.576895572077262e-07,
    "megno_final": 4.486351506548727
  },
  "per_body": {
    "AU Mic b": {
      "a_min": 0.0699834302990165,
      "a_max": 0.07003439959879393,
      "e_min": 0.011477410133785747,
      "e_max": 0.24858058991314444
    },
    "AU Mic c": {
      "a_min": 0.11891308445763253,
      "a_max": 0.11901607685288484,
      "e_min": 0.07090272560608071,
      "e_max": 0.18573182219065051
    }
  },
  "hill_track": {},
  "judgment": {
    "per_body": {
      "AU Mic b": {
        "flags": [],
        "status": "stable",
        "ecc_class": "calm",
        "e_max": 0.24858058991314444
      },
      "AU Mic c": {
        "flags": [],
        "status": "stable",
        "ecc_class": "calm",
        "e_max": 0.18573182219065051
      }
    },
    "overall": "stable",
    "ecc_class_max": "calm",
    "lyapunov_time_yr": 804391.4928087438,
    "is_chaotic": false
  }
}