{
  "system": "AU Mic",
  "star": {
    "name": "AU Mic",
    "mass_msun": 0.4998717572772515
  },
  "planets": [
    {
      "name": "AU Mic b",
      "mass_msun": 2.6994589023188466e-05,
      "mass_kind": "true",
      "a_au": 0.07,
      "e": 0.07,
      "inc_rad": -0.028099800957108696,
      "omega_rad": -0.9075712110370514,
      "Omega_rad": 5.305658970563565,
      "M_rad": 2.478367537831948
    },
    {
      "name": "AU Mic c",
      "mass_msun": 4.341955030871026e-05,
      "mass_kind": "true",
      "a_au": 0.119,
      "e": 0.18,
      "inc_rad": -0.009424777960769489,
      "omega_rad": 1.270599695451872,
      "Omega_rad": 4.7623679680665845,
      "M_rad": 0.3001966313430247
    },
    {
      "name": "AU Mic e",
      "mass_msun": 6.335771172294513e-05,
      "mass_kind": "true",
      "a_au": 0.16015192777634352,
      "e": 0.0,
      "inc_rad": 0.0,
      "omega_rad": 2.642529177293657,
      "Omega_rad": 3.2124338172355777,
      "M_rad": 1.6268219212234332
    },
    {
      "name": "AU Mic d",
      "mass_msun": 3.1618801158417633e-06,
      "mass_kind": "true",
      "a_au": 0.08470593509724933,
      "e": 0.00305,
      "inc_rad": -0.01190105110349905,
      "omega_rad": 2.8063044323061703,
      "Omega_rad": 4.924751778411374,
      "M_rad": 2.544276222803882
    }
  ],
  "hypotheticals": [],
  "integration": {
    "integrator": "trace",
    "elapsed_sec": 12.729610919952393,
    "dt_yr": 0.0005239091193889016,
    "innermost_period_yr": 0.02619545596944508,
    "energy_relative_error": 1.1720396683616024e-05,
    "megno_final": null
  },
  "per_body": {
    "AU Mic b": {
      "a_min": 0.06844763479023236,
      "a_max": 0.30842511318966476,
      "e_min": 0.0011002043361670313,
      "e_max": 0.5921826023615837
    },
    "AU Mic c": {
      "a_min": 0.06752514311971558,
      "a_max": 0.11888935728316095,
      "e_min": 0.035291639168554975,
      "e_max": 0.4349318067663517
    },
    "AU Mic e": {
      "a_min": 0.13768930648587835,
      "a_max": 0.1979576205679106,
      "e_min": 0.011247582306263949,
      "e_max": 0.266335746360702
    },
    "AU Mic d": {
      "a_min": 0.08859910901880255,
      "a_max": 0.35427757911154495,
      "e_min": 0.03558477063875295,
      "e_max": 0.6323227449395579
    }
  },
  "hill_track": {},
  "judgment": {
    "per_body": {
      "AU Mic b": {
        "flags": [],
        "status": "stable",
        "ecc_class": "hot",
        "e_max": 0.5921826023615837
      },
      "AU Mic c": {
        "flags": [],
        "status": "stable",
        "ecc_class": "hot",
        "e_max": 0.4349318067663517
      },
      "AU Mic e": {
        "flags": [],
        "status": "stable",
        "ecc_class": "calm",
        "e_max": 0.266335746360702
      },
      "AU Mic d": {
        "flags": [],
        "status": "stable",
        "ecc_class": "hot",
        "e_max": 0.6323227449395579
      }
    },
    "overall": "stable",
    "ecc_class_max": "hot",
    "lyapunov_time_yr": Infinity,
    "is_chaotic": false
  }
}