{
  "system": "Barnard's Star",
  "integrator": "trace",
  "t_end_yr": 200000.0,
  "n_snapshots": 200,
  "per_body": {
    "Barnard d": {
      "a_min": 0.018792741246392276,
      "a_max": 0.018816354528724082,
      "e_min": 0.0021107923441407756,
      "e_max": 0.09623764708725847
    },
    "Barnard b": {
      "a_min": 0.022885099279640025,
      "a_max": 0.022917541252419994,
      "e_min": 0.0032294363751050373,
      "e_max": 0.08933050962013336
    },
    "Barnard c": {
      "a_min": 0.027374736592219374,
      "a_max": 0.027410388345935875,
      "e_min": 0.00014709607854053908,
      "e_max": 0.07499323253650188
    },
    "Barnard e": {
      "a_min": 0.03809087751289197,
      "a_max": 0.038109703920599786,
      "e_min": 0.03532134031600399,
      "e_max": 0.10422955694301594
    }
  },
  "note": "resumable TRACE run (run_barnard_resume.py); MEGNO n/a for TRACE"
}