{
  "system": "Barnard's star",
  "star": {
    "name": "Barnard's star",
    "mass_msun": 0.1619584493578295
  },
  "planets": [
    {
      "name": "Barnard d",
      "mass_msun": 7.897193451722543e-07,
      "mass_kind": "msini",
      "a_au": 0.0188,
      "e": 0.04,
      "inc_rad": 0.0,
      "omega_rad": -0.9040805525330626,
      "Omega_rad": 5.305658970563565,
      "M_rad": 0.0
    },
    {
      "name": "Barnard b",
      "mass_msun": 8.978178106711181e-07,
      "mass_kind": "msini",
      "a_au": 0.0229,
      "e": 0.03,
      "inc_rad": 0.0,
      "omega_rad": 0.06632251157578452,
      "Omega_rad": 4.7623679680665845,
      "M_rad": 0.0
    },
    {
      "name": "Barnard c",
      "mass_msun": 1.0059162761699819e-06,
      "mass_kind": "msini",
      "a_au": 0.0274,
      "e": 0.08,
      "inc_rad": 0.0,
      "omega_rad": 1.5847589608108512,
      "Omega_rad": 2.642529177293657,
      "M_rad": 0.0
    },
    {
      "name": "Barnard e",
      "mass_msun": 5.795278844800193e-07,
      "mass_kind": "msini",
      "a_au": 0.0381,
      "e": 0.04,
      "inc_rad": 0.0,
      "omega_rad": -0.4799655442984406,
      "Omega_rad": 1.6268219212234332,
      "M_rad": 0.0
    }
  ],
  "hypotheticals": [],
  "integration": {
    "integrator": "trace",
    "elapsed_sec": 33.14594388008118,
    "dt_yr": 0.00012810709019437624,
    "innermost_period_yr": 0.006405354509718812,
    "energy_relative_error": 1.864961447391286e-09,
    "megno_final": null
  },
  "per_body": {
    "Barnard d": {
      "a_min": 0.018793176194239175,
      "a_max": 0.018803490204112396,
      "e_min": 0.0069204349599519925,
      "e_max": 0.09842022305171662
    },
    "Barnard b": {
      "a_min": 0.022889911340059448,
      "a_max": 0.022908920376855442,
      "e_min": 0.002733825926259595,
      "e_max": 0.07911052879650708
    },
    "Barnard c": {
      "a_min": 0.02739646346159693,
      "a_max": 0.027410388345935875,
      "e_min": 0.0009482347467519298,
      "e_max": 0.0794140449742342
    },
    "Barnard e": {
      "a_min": 0.0380998988468146,
      "a_max": 0.03810832903875494,
      "e_min": 0.03758861906606243,
      "e_max": 0.10585441080951373
    }
  },
  "hill_track": {},
  "judgment": {
    "per_body": {
      "Barnard d": {
        "flags": [],
        "status": "stable"
      },
      "Barnard b": {
        "flags": [],
        "status": "stable"
      },
      "Barnard c": {
        "flags": [],
        "status": "stable"
      },
      "Barnard e": {
        "flags": [],
        "status": "stable"
      }
    },
    "overall": "stable",
    "lyapunov_time_yr": Infinity,
    "is_chaotic": false
  }
}