{
  "system": "Barnard's star",
  "star": {
    "name": "Barnard's star",
    "mass_msun": 0.1619584493578295
  },
  "planets": [
    {
      "name": "Barnard b",
      "mass_msun": 8.978178106711181e-07,
      "mass_kind": "msini",
      "a_au": 0.0229,
      "e": 0.03,
      "inc_rad": 0.0,
      "omega_rad": 0.06632251157578452,
      "Omega_rad": 4.7623679680665845,
      "M_rad": 0.0
    }
  ],
  "hypotheticals": [],
  "integration": {
    "integrator": "whfast",
    "elapsed_sec": 163.21503615379333,
    "dt_yr": 0.003444447836475044,
    "innermost_period_yr": 0.00861111959118761,
    "energy_relative_error": 3.340790000333308e-09,
    "megno_final": 1.760392842300317
  },
  "per_body": {
    "Barnard b": {
      "a_min": 0.02289999997683667,
      "a_max": 0.022900000128528053,
      "e_min": 0.02999999827271838,
      "e_max": 0.03000000155937882
    }
  },
  "hill_track": {},
  "judgment": {
    "per_body": {
      "Barnard b": {
        "flags": [],
        "status": "stable",
        "ecc_class": "calm",
        "e_max": 0.03000000155937882
      }
    },
    "overall": "stable",
    "ecc_class_max": "calm",
    "lyapunov_time_yr": Infinity,
    "is_chaotic": false
  }
}