{
  "system": "HD 69830",
  "star": {
    "name": "HD 69830",
    "mass_msun": 0.8627786530605361
  },
  "planets": [
    {
      "name": "HD 69830 b",
      "mass_msun": 3.062789855801139e-05,
      "mass_kind": "msini",
      "a_au": 0.0785,
      "e": 0.1,
      "inc_rad": 0.0,
      "omega_rad": 5.934119456780721,
      "Omega_rad": 5.305658970563565,
      "M_rad": 0.0
    },
    {
      "name": "HD 69830 c",
      "mass_msun": 3.543227480240533e-05,
      "mass_kind": "msini",
      "a_au": 0.186,
      "e": 0.13,
      "inc_rad": 0.0,
      "omega_rad": 3.857177646907468,
      "Omega_rad": 4.7623679680665845,
      "M_rad": 0.0
    },
    {
      "name": "HD 69830 d",
      "mass_msun": 5.4349506264706485e-05,
      "mass_kind": "msini",
      "a_au": 0.63,
      "e": 0.07,
      "inc_rad": 0.0,
      "omega_rad": 3.9095375244672983,
      "Omega_rad": 2.642529177293657,
      "M_rad": 0.0
    }
  ],
  "hypotheticals": [],
  "integration": {
    "integrator": "whfast",
    "elapsed_sec": 1316.1781749725342,
    "dt_yr": 0.0004735796011643664,
    "innermost_period_yr": 0.02367898005821832,
    "energy_relative_error": 3.769674188819615e-09,
    "megno_final": 1.2536304467720454
  },
  "per_body": {
    "HD 69830 b": {
      "a_min": 0.07849875109136317,
      "a_max": 0.07850256871721091,
      "e_min": 0.08856094602832663,
      "e_max": 0.199384276815863
    },
    "HD 69830 c": {
      "a_min": 0.18599679146644096,
      "a_max": 0.18605620550998986,
      "e_min": 0.017580131396086,
      "e_max": 0.1344849085010284
    },
    "HD 69830 d": {
      "a_min": 0.6298226883861211,
      "a_max": 0.6303256705884711,
      "e_min": 0.06480590952281365,
      "e_max": 0.0713653004120008
    }
  },
  "hill_track": {},
  "judgment": {
    "per_body": {
      "HD 69830 b": {
        "flags": [],
        "status": "stable",
        "ecc_class": "calm",
        "e_max": 0.199384276815863
      },
      "HD 69830 c": {
        "flags": [],
        "status": "stable",
        "ecc_class": "calm",
        "e_max": 0.1344849085010284
      },
      "HD 69830 d": {
        "flags": [],
        "status": "stable",
        "ecc_class": "calm",
        "e_max": 0.0713653004120008
      }
    },
    "overall": "stable",
    "ecc_class_max": "calm",
    "lyapunov_time_yr": Infinity,
    "is_chaotic": false
  }
}