{
  "system": "Proxima Cen",
  "star": {
    "name": "Proxima Cen",
    "mass_msun": 0.12206868312710632
  },
  "planets": [
    {
      "name": "Proxima Cen d",
      "mass_msun": 7.807111397140158e-07,
      "mass_kind": "msini",
      "a_au": 0.02881,
      "e": 0.0,
      "inc_rad": 0.0,
      "omega_rad": 0.06981317007977318,
      "Omega_rad": 5.305658970563565,
      "M_rad": 0.0
    },
    {
      "name": "Proxima Cen b",
      "mass_msun": 3.167885586147256e-06,
      "mass_kind": "msini",
      "a_au": 0.04848,
      "e": 0.0,
      "inc_rad": 0.0,
      "omega_rad": 0.05759586531581287,
      "Omega_rad": 4.7623679680665845,
      "M_rad": 0.0
    },
    {
      "name": "Proxima Cen c",
      "mass_msun": 1.7415863885928042e-05,
      "mass_kind": "msini",
      "a_au": 1.48,
      "e": 0.0,
      "inc_rad": 0.0,
      "omega_rad": 2.642529177293657,
      "Omega_rad": 3.2124338172355777,
      "M_rad": 1.6268219212234332
    }
  ],
  "hypotheticals": [],
  "integration": {
    "integrator": "whfast",
    "elapsed_sec": 2051.599548101425,
    "dt_yr": 0.00027993097424427077,
    "innermost_period_yr": 0.013996548712213537,
    "energy_relative_error": 2.000359988550692e-08,
    "megno_final": 2.0828272981203253
  },
  "per_body": {
    "Proxima Cen d": {
      "a_min": 0.02880937777822126,
      "a_max": 0.028811092454685074,
      "e_min": 7.4149378743227466e-06,
      "e_max": 0.0003982484670112855
    },
    "Proxima Cen b": {
      "a_min": 0.0484778210779063,
      "a_max": 0.04848000265280129,
      "e_min": 4.2773289356406705e-06,
      "e_max": 8.440789159456377e-05
    },
    "Proxima Cen c": {
      "a_min": 1.4798881721282648,
      "a_max": 1.4809621797390244,
      "e_min": 1.583502628185676e-05,
      "e_max": 0.0006301240647735878
    }
  },
  "hill_track": {},
  "judgment": {
    "per_body": {
      "Proxima Cen d": {
        "flags": [],
        "status": "stable",
        "ecc_class": "calm",
        "e_max": 0.0003982484670112855
      },
      "Proxima Cen b": {
        "flags": [],
        "status": "stable",
        "ecc_class": "calm",
        "e_max": 8.440789159456377e-05
      },
      "Proxima Cen c": {
        "flags": [],
        "status": "stable",
        "ecc_class": "calm",
        "e_max": 0.0006301240647735878
      }
    },
    "overall": "stable",
    "ecc_class_max": "calm",
    "lyapunov_time_yr": 24146628.531749878,
    "is_chaotic": false
  }
}