{
  "system": "Proxima Cen",
  "star": {
    "name": "Proxima Cen",
    "mass_msun": 0.12206868312710632
  },
  "planets": [
    {
      "name": "Proxima Cen d",
      "mass_msun": 7.807111397140158e-07,
      "mass_kind": "msini",
      "a_au": 0.02881,
      "e": 0.0,
      "inc_rad": 0.0,
      "omega_rad": 0.06981317007977318,
      "Omega_rad": 5.305658970563565,
      "M_rad": 0.0
    },
    {
      "name": "Proxima Cen b",
      "mass_msun": 3.167885586147256e-06,
      "mass_kind": "msini",
      "a_au": 0.04848,
      "e": 0.0,
      "inc_rad": 0.0,
      "omega_rad": 0.05759586531581287,
      "Omega_rad": 4.7623679680665845,
      "M_rad": 0.0
    },
    {
      "name": "Proxima Cen c",
      "mass_msun": 1.7415863885928042e-05,
      "mass_kind": "msini",
      "a_au": 1.48,
      "e": 0.0,
      "inc_rad": 0.0,
      "omega_rad": 2.642529177293657,
      "Omega_rad": 3.2124338172355777,
      "M_rad": 1.6268219212234332
    }
  ],
  "hypotheticals": [],
  "integration": {
    "integrator": "whfast",
    "elapsed_sec": 14.941778898239136,
    "dt_yr": 0.00027993097424427077,
    "innermost_period_yr": 0.013996548712213537,
    "energy_relative_error": 3.0799407529968185e-09,
    "megno_final": 2.0000384846670323
  },
  "per_body": {
    "Proxima Cen d": {
      "a_min": 0.02880937669229229,
      "a_max": 0.028811096216177015,
      "e_min": 3.037884444115539e-06,
      "e_max": 0.00039252215212871676
    },
    "Proxima Cen b": {
      "a_min": 0.04847782132352013,
      "a_max": 0.04848000242223338,
      "e_min": 5.121417807282573e-06,
      "e_max": 7.896278095769079e-05
    },
    "Proxima Cen c": {
      "a_min": 1.4798868821932152,
      "a_max": 1.4810099135115333,
      "e_min": 8.170482554840794e-06,
      "e_max": 0.0006532749132528479
    }
  },
  "hill_track": {},
  "judgment": {
    "per_body": {
      "Proxima Cen d": {
        "flags": [],
        "status": "stable"
      },
      "Proxima Cen b": {
        "flags": [],
        "status": "stable"
      },
      "Proxima Cen c": {
        "flags": [],
        "status": "stable"
      }
    },
    "overall": "stable",
    "lyapunov_time_yr": 519687489.6495973,
    "is_chaotic": false
  }
}