{
  "system": "tau Cet",
  "star": {
    "name": "tau Cet",
    "mass_msun": 0.7827991718961759
  },
  "planets": [
    {
      "name": "tau Cet g",
      "mass_msun": 5.254786517305875e-06,
      "mass_kind": "msini",
      "a_au": 0.133,
      "e": 0.06,
      "inc_rad": 0.0,
      "omega_rad": 6.900002118126903,
      "Omega_rad": 4.7623679680665845,
      "M_rad": 5.305658970563565
    },
    {
      "name": "tau Cet h",
      "mass_msun": 5.495005329525573e-06,
      "mass_kind": "msini",
      "a_au": 0.243,
      "e": 0.23,
      "inc_rad": 0.0,
      "omega_rad": 0.13002702927357757,
      "Omega_rad": 1.6268219212234332,
      "M_rad": 2.642529177293657
    },
    {
      "name": "tau Cet f",
      "mass_msun": 1.1800749150292621e-05,
      "mass_kind": "msini",
      "a_au": 1.334,
      "e": 0.16,
      "inc_rad": 0.0,
      "omega_rad": 2.0900317792632097,
      "Omega_rad": 2.544276222803882,
      "M_rad": 3.2124338172355777
    },
    {
      "name": "tau Cet e",
      "mass_msun": 1.1800749150292621e-05,
      "mass_kind": "msini",
      "a_au": 0.538,
      "e": 0.18,
      "inc_rad": 0.0,
      "omega_rad": 4.924751778411374,
      "Omega_rad": 2.994546979776625,
      "M_rad": 1.9057700639797035
    }
  ],
  "hypotheticals": [],
  "integration": {
    "integrator": "whfast",
    "elapsed_sec": 769.5859799385071,
    "dt_yr": 0.0010964541624497977,
    "innermost_period_yr": 0.05482270812248989,
    "energy_relative_error": 1.0610659757356933e-09,
    "megno_final": 1.9976259961104954
  },
  "per_body": {
    "tau Cet g": {
      "a_min": 0.13298932222405782,
      "a_max": 0.13300652472309155,
      "e_min": 0.03630910919621011,
      "e_max": 0.2593352445221096
    },
    "tau Cet h": {
      "a_min": 0.24297053523409762,
      "a_max": 0.24303003933176948,
      "e_min": 0.026758523854674438,
      "e_max": 0.25326017880820123
    },
    "tau Cet f": {
      "a_min": 1.333910195051255,
      "a_max": 1.3343093071684782,
      "e_min": 0.08692927016761057,
      "e_max": 0.16062604782202186
    },
    "tau Cet e": {
      "a_min": 0.5379548832205365,
      "a_max": 0.5380278742045865,
      "e_min": 0.18037847138759255,
      "e_max": 0.25588862110429034
    }
  },
  "hill_track": {},
  "judgment": {
    "per_body": {
      "tau Cet g": {
        "flags": [],
        "status": "stable",
        "ecc_class": "calm",
        "e_max": 0.2593352445221096
      },
      "tau Cet h": {
        "flags": [],
        "status": "stable",
        "ecc_class": "calm",
        "e_max": 0.25326017880820123
      },
      "tau Cet f": {
        "flags": [],
        "status": "stable",
        "ecc_class": "calm",
        "e_max": 0.16062604782202186
      },
      "tau Cet e": {
        "flags": [],
        "status": "stable",
        "ecc_class": "calm",
        "e_max": 0.25588862110429034
      }
    },
    "overall": "stable",
    "ecc_class_max": "calm",
    "lyapunov_time_yr": Infinity,
    "is_chaotic": false
  }
}