{
  "system": "Teegarden's Star",
  "star": {
    "name": "Teegarden's Star",
    "mass_msun": 0.08897717279535076
  },
  "planets": [
    {
      "name": "Teegarden's Star b",
      "mass_msun": 3.483172777185608e-06,
      "mass_kind": "msini",
      "a_au": 0.0259,
      "e": 0.03,
      "inc_rad": 0.0,
      "omega_rad": 5.899212871740834,
      "Omega_rad": 4.7623679680665845,
      "M_rad": 5.305658970563565
    },
    {
      "name": "Teegarden's Star c",
      "mass_msun": 3.152871910383525e-06,
      "mass_kind": "msini",
      "a_au": 0.0455,
      "e": 0.04,
      "inc_rad": 0.0,
      "omega_rad": 5.253441048502932,
      "Omega_rad": 1.6268219212234332,
      "M_rad": 2.642529177293657
    },
    {
      "name": "Teegarden's Star d",
      "mass_msun": 2.462242825251896e-06,
      "mass_kind": "msini",
      "a_au": 0.0791,
      "e": 0.07,
      "inc_rad": 0.0,
      "omega_rad": 6.021385919380437,
      "Omega_rad": 2.544276222803882,
      "M_rad": 3.2124338172355777
    }
  ],
  "hypotheticals": [],
  "integration": {
    "integrator": "whfast",
    "elapsed_sec": 2241.085181951523,
    "dt_yr": 0.0002794785896478396,
    "innermost_period_yr": 0.013973929482391982,
    "energy_relative_error": 8.073632693174542e-08,
    "megno_final": 1.7304041544970485
  },
  "per_body": {
    "Teegarden's Star b": {
      "a_min": 0.025898256072189593,
      "a_max": 0.025900798333391355,
      "e_min": 0.00571630402608401,
      "e_max": 0.09104147739044464
    },
    "Teegarden's Star c": {
      "a_min": 0.04548678978327956,
      "a_max": 0.04550311623405064,
      "e_min": 0.004289030226194015,
      "e_max": 0.0814397275863145
    },
    "Teegarden's Star d": {
      "a_min": 0.07908682740414551,
      "a_max": 0.07913451414738469,
      "e_min": 0.006198014450884863,
      "e_max": 0.07567267879473866
    }
  },
  "hill_track": {},
  "judgment": {
    "per_body": {
      "Teegarden's Star b": {
        "flags": [],
        "status": "stable",
        "ecc_class": "calm",
        "e_max": 0.09104147739044464
      },
      "Teegarden's Star c": {
        "flags": [],
        "status": "stable",
        "ecc_class": "calm",
        "e_max": 0.0814397275863145
      },
      "Teegarden's Star d": {
        "flags": [],
        "status": "stable",
        "ecc_class": "calm",
        "e_max": 0.07567267879473866
      }
    },
    "overall": "stable",
    "ecc_class_max": "calm",
    "lyapunov_time_yr": Infinity,
    "is_chaotic": false
  }
}