{
  "system": "YZ Cet",
  "star": {
    "name": "YZ Cet",
    "mass_msun": 0.13676491279105302
  },
  "planets": [
    {
      "name": "YZ Cet b",
      "mass_msun": 2.10191460692235e-06,
      "mass_kind": "msini",
      "a_au": 0.01634,
      "e": 0.06,
      "inc_rad": 0.0,
      "omega_rad": 3.4382986264288293,
      "Omega_rad": 5.305658970563565,
      "M_rad": 0.0
    },
    {
      "name": "YZ Cet c",
      "mass_msun": 3.423118074130684e-06,
      "mass_kind": "msini",
      "a_au": 0.02156,
      "e": 0.0,
      "inc_rad": 0.0,
      "omega_rad": 0.5235987755982988,
      "Omega_rad": 4.7623679680665845,
      "M_rad": 0.0
    },
    {
      "name": "YZ Cet d",
      "mass_msun": 3.2729813164933736e-06,
      "mass_kind": "msini",
      "a_au": 0.02851,
      "e": 0.07,
      "inc_rad": 0.0,
      "omega_rad": 3.490658503988659,
      "Omega_rad": 2.642529177293657,
      "M_rad": 0.0
    }
  ],
  "hypotheticals": [],
  "integration": {
    "integrator": "trace",
    "elapsed_sec": 27.912824153900146,
    "dt_yr": 0.00011296110440901624,
    "innermost_period_yr": 0.005648055220450812,
    "energy_relative_error": 5.045405389445839e-09,
    "megno_final": null
  },
  "per_body": {
    "YZ Cet b": {
      "a_min": 0.01632804592506457,
      "a_max": 0.01635370631481713,
      "e_min": 0.04736080018171837,
      "e_max": 0.10264130583405447
    },
    "YZ Cet c": {
      "a_min": 0.021550410786075783,
      "a_max": 0.021593649996652642,
      "e_min": 0.0010762073803710624,
      "e_max": 0.04049948175956539
    },
    "YZ Cet d": {
      "a_min": 0.028467361833990817,
      "a_max": 0.028519746787999442,
      "e_min": 0.03382355294345433,
      "e_max": 0.0746000594750833
    }
  },
  "hill_track": {},
  "judgment": {
    "per_body": {
      "YZ Cet b": {
        "flags": [],
        "status": "stable"
      },
      "YZ Cet c": {
        "flags": [],
        "status": "stable"
      },
      "YZ Cet d": {
        "flags": [],
        "status": "stable"
      }
    },
    "overall": "stable",
    "lyapunov_time_yr": Infinity,
    "is_chaotic": false
  }
}