{
  "system": "YZ Cet",
  "star": {
    "name": "YZ Cet",
    "mass_msun": 0.13676491279105302
  },
  "planets": [
    {
      "name": "YZ Cet b",
      "mass_msun": 2.10191460692235e-06,
      "mass_kind": "msini",
      "a_au": 0.01634,
      "e": 0.06,
      "inc_rad": 0.0,
      "omega_rad": 3.4382986264288293,
      "Omega_rad": 5.305658970563565,
      "M_rad": 0.0
    },
    {
      "name": "YZ Cet c",
      "mass_msun": 3.423118074130684e-06,
      "mass_kind": "msini",
      "a_au": 0.02156,
      "e": 0.0,
      "inc_rad": 0.0,
      "omega_rad": 0.5235987755982988,
      "Omega_rad": 4.7623679680665845,
      "M_rad": 0.0
    },
    {
      "name": "YZ Cet d",
      "mass_msun": 3.2729813164933736e-06,
      "mass_kind": "msini",
      "a_au": 0.02851,
      "e": 0.07,
      "inc_rad": 0.0,
      "omega_rad": 3.490658503988659,
      "Omega_rad": 2.642529177293657,
      "M_rad": 0.0
    }
  ],
  "hypotheticals": [],
  "integration": {
    "integrator": "trace",
    "elapsed_sec": 4073.493220806122,
    "dt_yr": 0.00011296110440901624,
    "innermost_period_yr": 0.005648055220450812,
    "energy_relative_error": 3.0001867592794787e-09,
    "megno_final": null
  },
  "per_body": {
    "YZ Cet b": {
      "a_min": 0.01632806579541946,
      "a_max": 0.016352056807916536,
      "e_min": 0.047418113392500315,
      "e_max": 0.10457792998559728
    },
    "YZ Cet c": {
      "a_min": 0.021548067361413552,
      "a_max": 0.021593119795709777,
      "e_min": 0.0016122694817742769,
      "e_max": 0.04118128468727395
    },
    "YZ Cet d": {
      "a_min": 0.028471308975134436,
      "a_max": 0.02851952781196031,
      "e_min": 0.032244831567434615,
      "e_max": 0.07521493401722949
    }
  },
  "hill_track": {},
  "judgment": {
    "per_body": {
      "YZ Cet b": {
        "flags": [],
        "status": "stable",
        "ecc_class": "calm",
        "e_max": 0.10457792998559728
      },
      "YZ Cet c": {
        "flags": [],
        "status": "stable",
        "ecc_class": "calm",
        "e_max": 0.04118128468727395
      },
      "YZ Cet d": {
        "flags": [],
        "status": "stable",
        "ecc_class": "calm",
        "e_max": 0.07521493401722949
      }
    },
    "overall": "stable",
    "ecc_class_max": "calm",
    "lyapunov_time_yr": Infinity,
    "is_chaotic": false
  }
}