{
  "system": "Barnard's star [*.mass_mearth\u00d71.1547; *.e\u00d70.75]",
  "star": {
    "name": "Barnard's star",
    "mass_msun": 0.1619584493578295
  },
  "planets": [
    {
      "name": "Barnard d",
      "mass_msun": 9.118889278704022e-07,
      "mass_kind": "msini",
      "a_au": 0.0188,
      "e": 0.03,
      "inc_rad": 0.0,
      "omega_rad": -0.9040805525330626,
      "Omega_rad": 5.305658970563565,
      "M_rad": 0.0
    },
    {
      "name": "Barnard b",
      "mass_msun": 1.03671022598194e-06,
      "mass_kind": "msini",
      "a_au": 0.0229,
      "e": 0.0225,
      "inc_rad": 0.0,
      "omega_rad": 0.06632251157578452,
      "Omega_rad": 4.7623679680665845,
      "M_rad": 0.0
    },
    {
      "name": "Barnard c",
      "mass_msun": 1.1615315240934782e-06,
      "mass_kind": "msini",
      "a_au": 0.0274,
      "e": 0.06,
      "inc_rad": 0.0,
      "omega_rad": 1.5847589608108512,
      "Omega_rad": 2.642529177293657,
      "M_rad": 0.0
    },
    {
      "name": "Barnard e",
      "mass_msun": 6.691808482090784e-07,
      "mass_kind": "msini",
      "a_au": 0.0381,
      "e": 0.03,
      "inc_rad": 0.0,
      "omega_rad": -0.4799655442984406,
      "Omega_rad": 1.6268219212234332,
      "M_rad": 0.0
    }
  ],
  "hypotheticals": [],
  "integration": {
    "integrator": "whfast",
    "elapsed_sec": 5589.49924993515,
    "dt_yr": 0.00012810709019437622,
    "innermost_period_yr": 0.006405354509718811,
    "energy_relative_error": 4.7631994549731825e-08,
    "megno_final": 15264.369895746331
  },
  "per_body": {
    "Barnard d": {
      "a_min": 0.018790776489203565,
      "a_max": 0.018804483340300174,
      "e_min": 0.0015955018063098134,
      "e_max": 0.07662487765368428
    },
    "Barnard b": {
      "a_min": 0.022890796046370954,
      "a_max": 0.022916833831445337,
      "e_min": 0.002481046652612425,
      "e_max": 0.061606835677056805
    },
    "Barnard c": {
      "a_min": 0.02738642646705034,
      "a_max": 0.027412602932044984,
      "e_min": 0.003897465267968744,
      "e_max": 0.05879496299977395
    },
    "Barnard e": {
      "a_min": 0.03810276434702582,
      "a_max": 0.038113482699319766,
      "e_min": 0.027359415619277214,
      "e_max": 0.07959418185702896
    }
  },
  "hill_track": {},
  "judgment": {
    "per_body": {
      "Barnard d": {
        "flags": [],
        "status": "stable",
        "ecc_class": "calm",
        "e_max": 0.07662487765368428
      },
      "Barnard b": {
        "flags": [],
        "status": "stable",
        "ecc_class": "calm",
        "e_max": 0.061606835677056805
      },
      "Barnard c": {
        "flags": [],
        "status": "stable",
        "ecc_class": "calm",
        "e_max": 0.05879496299977395
      },
      "Barnard e": {
        "flags": [],
        "status": "stable",
        "ecc_class": "calm",
        "e_max": 0.07959418185702896
      }
    },
    "overall": "chaotic_but_hill_stable",
    "ecc_class_max": "calm",
    "lyapunov_time_yr": 131.04124809328636,
    "is_chaotic": true
  }
}